{"stats":{"minecraft:mined":{"minecraft:deepslate_redstone_ore":4,"minecraft:tuff":7,"minecraft:white_bed":7,"minecraft:deepslate_diamond_ore":6,"minecraft:crafting_table":2,"minecraft:torch":2,"minecraft:granite":7,"minecraft:grass_block":5,"minecraft:copper_ore":10,"minecraft:cobblestone":10,"minecraft:deepslate_gold_ore":1,"minecraft:diorite":17,"minecraft:birch_log":7,"minecraft:iron_ore":10,"minecraft:peony":2,"minecraft:oak_log":23,"minecraft:coal_ore":15,"minecraft:dripstone_block":1,"minecraft:dirt":7,"minecraft:stone":132,"minecraft:deepslate":128},"minecraft:dropped":{"minecraft:diamond_sword":1},"minecraft:used":{"minecraft:diorite":17,"minecraft:stone_sword":2,"minecraft:stone_shovel":11,"minecraft:stone_pickaxe":124,"minecraft:wooden_pickaxe":6,"minecraft:torch":2,"minecraft:dirt":8,"minecraft:crafting_table":3,"minecraft:white_bed":4,"minecraft:wooden_axe":4,"minecraft:iron_pickaxe":219,"minecraft:stone_axe":29,"minecraft:diamond_sword":19,"minecraft:cobblestone":17,"minecraft:furnace":1,"minecraft:egg":1},"minecraft:crafted":{"minecraft:oak_planks":28,"minecraft:stone_shovel":1,"minecraft:diamond_sword":1,"minecraft:crafting_table":2,"minecraft:wooden_pickaxe":1,"minecraft:furnace":1,"minecraft:stone_axe":1,"minecraft:air":0,"minecraft:diamond_pickaxe":1,"minecraft:stick":20,"minecraft:iron_ingot":3,"minecraft:iron_pickaxe":1,"minecraft:stone_pickaxe":1,"minecraft:wooden_axe":1,"minecraft:stone_sword":1,"minecraft:torch":4},"minecraft:custom":{"minecraft:interact_with_furnace":10,"minecraft:interact_with_crafting_table":33,"minecraft:leave_game":3,"minecraft:time_since_death":13329,"minecraft:sleep_in_bed":4,"minecraft:climb_one_cm":1036,"minecraft:time_since_rest":1770,"minecraft:sprint_one_cm":46849,"minecraft:damage_taken":898,"minecraft:walk_one_cm":48746,"minecraft:drop":1,"minecraft:damage_dealt":303,"minecraft:player_kills":2,"minecraft:fly_one_cm":69939,"minecraft:open_chest":5,"minecraft:crouch_one_cm":19,"minecraft:play_time":53999,"minecraft:deaths":3,"minecraft:sneak_time":13,"minecraft:jump":479,"minecraft:total_world_time":53999,"minecraft:fall_one_cm":17504},"minecraft:picked_up":{"minecraft:birch_log":7,"minecraft:crafting_table":2,"minecraft:diamond_sword":1,"minecraft:tuff":7,"minecraft:oak_log":20,"minecraft:dirt":12,"minecraft:raw_copper":35,"minecraft:cobbled_deepslate":128,"minecraft:raw_gold":1,"minecraft:birch_sapling":4,"minecraft:egg":1,"minecraft:stick":3,"minecraft:raw_iron":10,"minecraft:torch":2,"minecraft:dandelion":1,"minecraft:dripstone_block":1,"minecraft:diorite":17,"minecraft:white_bed":4,"minecraft:redstone":20,"minecraft:diamond":6,"minecraft:peony":2,"minecraft:granite":7,"minecraft:oak_sapling":2,"minecraft:coal":15,"minecraft:cobblestone":142},"minecraft:killed_by":{"minecraft:skeleton":1,"minecraft:creeper":1}},"DataVersion":3218}