{"stats":{"minecraft:mined":{"minecraft:deepslate_redstone_ore":4,"minecraft:tuff":7,"minecraft:white_bed":3,"minecraft:deepslate_diamond_ore":6,"minecraft:iron_ore":6,"minecraft:crafting_table":1,"minecraft:torch":2,"minecraft:granite":7,"minecraft:grass_block":2,"minecraft:oak_log":7,"minecraft:coal_ore":15,"minecraft:dirt":6,"minecraft:copper_ore":10,"minecraft:cobblestone":10,"minecraft:deepslate_gold_ore":1,"minecraft:stone":107,"minecraft:diorite":17,"minecraft:deepslate":128},"minecraft:used":{"minecraft:wooden_axe":4,"minecraft:diorite":17,"minecraft:stone_sword":2,"minecraft:stone_pickaxe":124,"minecraft:stone_shovel":7,"minecraft:iron_pickaxe":189,"minecraft:wooden_pickaxe":6,"minecraft:torch":2,"minecraft:stone_axe":1,"minecraft:dirt":8,"minecraft:cobblestone":17,"minecraft:crafting_table":3,"minecraft:furnace":1,"minecraft:white_bed":2,"minecraft:egg":1},"minecraft:crafted":{"minecraft:oak_planks":28,"minecraft:stone_shovel":1,"minecraft:diamond_sword":1,"minecraft:diamond_pickaxe":1,"minecraft:crafting_table":2,"minecraft:stick":20,"minecraft:wooden_pickaxe":1,"minecraft:iron_ingot":3,"minecraft:iron_pickaxe":1,"minecraft:stone_pickaxe":1,"minecraft:wooden_axe":1,"minecraft:stone_sword":1,"minecraft:furnace":1,"minecraft:torch":4,"minecraft:stone_axe":1,"minecraft:air":0},"minecraft:picked_up":{"minecraft:raw_iron":6,"minecraft:crafting_table":1,"minecraft:torch":2,"minecraft:tuff":7,"minecraft:oak_log":7,"minecraft:diorite":17,"minecraft:white_bed":3,"minecraft:redstone":20,"minecraft:dirt":8,"minecraft:raw_copper":35,"minecraft:diamond":6,"minecraft:cobbled_deepslate":128,"minecraft:raw_gold":1,"minecraft:granite":7,"minecraft:coal":15,"minecraft:cobblestone":117,"minecraft:egg":1},"minecraft:custom":{"minecraft:time_since_rest":2207,"minecraft:interact_with_furnace":10,"minecraft:sprint_one_cm":32863,"minecraft:damage_taken":515,"minecraft:walk_one_cm":34853,"minecraft:damage_dealt":45,"minecraft:interact_with_crafting_table":33,"minecraft:open_chest":5,"minecraft:fly_one_cm":44783,"minecraft:crouch_one_cm":16,"minecraft:play_time":35534,"minecraft:deaths":2,"minecraft:sneak_time":9,"minecraft:jump":337,"minecraft:leave_game":2,"minecraft:time_since_death":2166,"minecraft:sleep_in_bed":2,"minecraft:total_world_time":35534,"minecraft:climb_one_cm":1036,"minecraft:fall_one_cm":11439},"minecraft:killed_by":{"minecraft:skeleton":1}},"DataVersion":3218}