{"stats":{"minecraft:mined":{"minecraft:deepslate_redstone_ore":4,"minecraft:tuff":7,"minecraft:white_bed":11,"minecraft:deepslate_diamond_ore":6,"minecraft:crafting_table":3,"minecraft:torch":6,"minecraft:granite":7,"minecraft:grass_block":279,"minecraft:chest":2,"minecraft:copper_ore":14,"minecraft:cobblestone":19,"minecraft:deepslate_gold_ore":1,"minecraft:oak_wall_sign":3,"minecraft:diorite":17,"minecraft:birch_log":7,"minecraft:iron_ore":21,"minecraft:peony":2,"minecraft:grass":4,"minecraft:oak_log":28,"minecraft:coal_ore":41,"minecraft:gravel":16,"minecraft:dripstone_block":1,"minecraft:dirt":104,"minecraft:stone":273,"minecraft:deepslate":128},"minecraft:dropped":{"minecraft:diamond":1,"minecraft:birch_sapling":4,"minecraft:feather":1,"minecraft:diamond_sword":1,"minecraft:peony":8,"minecraft:dandelion":21,"minecraft:egg":3},"minecraft:used":{"minecraft:music_disc_far":1,"minecraft:water_bucket":8,"minecraft:diorite":17,"minecraft:stone_sword":2,"minecraft:iron_shovel":255,"minecraft:stone_shovel":133,"minecraft:stone_pickaxe":255,"minecraft:oak_sign":5,"minecraft:chest":4,"minecraft:wooden_pickaxe":6,"minecraft:oak_door":4,"minecraft:torch":6,"minecraft:dirt":39,"minecraft:crafting_table":5,"minecraft:white_bed":8,"minecraft:granite":7,"minecraft:wooden_axe":4,"minecraft:diamond_pickaxe":38,"minecraft:iron_pickaxe":250,"minecraft:stone_axe":43,"minecraft:diamond_sword":33,"minecraft:cobblestone":63,"minecraft:furnace":3,"minecraft:bucket":9,"minecraft:egg":1,"minecraft:cooked_beef":4,"minecraft:cobbled_deepslate":17},"minecraft:killed":{"minecraft:spider":1,"minecraft:chicken":2},"minecraft:crafted":{"minecraft:oak_door":3,"minecraft:oak_planks":100,"minecraft:diamond_sword":1,"minecraft:stone_shovel":1,"minecraft:oak_sign":3,"minecraft:crafting_table":2,"minecraft:wooden_pickaxe":1,"minecraft:furnace":3,"minecraft:bucket":1,"minecraft:stone_axe":1,"minecraft:air":0,"minecraft:diamond_pickaxe":1,"minecraft:stick":24,"minecraft:iron_ingot":11,"minecraft:iron_pickaxe":1,"minecraft:stone_pickaxe":2,"minecraft:wooden_axe":1,"minecraft:stone_sword":1,"minecraft:chest":2,"minecraft:iron_shovel":2,"minecraft:torch":4,"minecraft:shears":1},"minecraft:custom":{"minecraft:interact_with_furnace":15,"minecraft:mob_kills":3,"minecraft:play_record":1,"minecraft:interact_with_crafting_table":45,"minecraft:leave_game":4,"minecraft:time_since_death":52879,"minecraft:sleep_in_bed":5,"minecraft:climb_one_cm":1036,"minecraft:time_since_rest":20236,"minecraft:sprint_one_cm":179555,"minecraft:damage_taken":1498,"minecraft:walk_one_cm":153432,"minecraft:drop":14,"minecraft:damage_dealt":533,"minecraft:player_kills":2,"minecraft:swim_one_cm":15331,"minecraft:fly_one_cm":261714,"minecraft:open_chest":10,"minecraft:crouch_one_cm":219,"minecraft:play_time":114157,"minecraft:deaths":5,"minecraft:sneak_time":1453,"minecraft:walk_under_water_one_cm":14591,"minecraft:jump":1579,"minecraft:walk_on_water_one_cm":47929,"minecraft:total_world_time":114157,"minecraft:fall_one_cm":34587},"minecraft:picked_up":{"minecraft:birch_log":7,"minecraft:feather":1,"minecraft:crafting_table":3,"minecraft:cooked_beef":36,"minecraft:chicken":2,"minecraft:diamond_sword":1,"minecraft:tuff":7,"minecraft:oak_log":25,"minecraft:dirt":283,"minecraft:raw_copper":54,"minecraft:oak_sign":3,"minecraft:wheat_seeds":120,"minecraft:cobbled_deepslate":128,"minecraft:raw_gold":1,"minecraft:music_disc_far":1,"minecraft:chest":2,"minecraft:birch_sapling":4,"minecraft:egg":4,"minecraft:stick":5,"minecraft:raw_iron":21,"minecraft:oak_door":2,"minecraft:torch":6,"minecraft:dandelion":21,"minecraft:dripstone_block":1,"minecraft:gravel":16,"minecraft:diorite":17,"minecraft:white_bed":8,"minecraft:redstone":20,"minecraft:diamond":6,"minecraft:peony":8,"minecraft:granite":7,"minecraft:oak_sapling":4,"minecraft:coal":38,"minecraft:cobblestone":225},"minecraft:killed_by":{"minecraft:player":1,"minecraft:skeleton":1,"minecraft:creeper":1},"minecraft:broken":{"minecraft:stone_pickaxe":1,"minecraft:iron_shovel":1,"minecraft:iron_pickaxe":1,"minecraft:stone_shovel":1}},"DataVersion":3218}