{"stats":{"minecraft:mined":{"minecraft:deepslate_redstone_ore":4,"minecraft:tuff":7,"minecraft:white_bed":10,"minecraft:deepslate_diamond_ore":6,"minecraft:crafting_table":2,"minecraft:torch":2,"minecraft:granite":7,"minecraft:grass_block":39,"minecraft:copper_ore":10,"minecraft:cobblestone":14,"minecraft:deepslate_gold_ore":1,"minecraft:diorite":17,"minecraft:birch_log":7,"minecraft:iron_ore":21,"minecraft:peony":2,"minecraft:grass":3,"minecraft:oak_log":28,"minecraft:coal_ore":15,"minecraft:dripstone_block":1,"minecraft:dirt":49,"minecraft:stone":132,"minecraft:deepslate":128},"minecraft:dropped":{"minecraft:diamond":1,"minecraft:diamond_sword":1},"minecraft:used":{"minecraft:diorite":17,"minecraft:stone_sword":2,"minecraft:stone_shovel":88,"minecraft:stone_pickaxe":124,"minecraft:wooden_pickaxe":6,"minecraft:torch":2,"minecraft:dirt":8,"minecraft:crafting_table":3,"minecraft:white_bed":6,"minecraft:granite":7,"minecraft:wooden_axe":4,"minecraft:diamond_pickaxe":13,"minecraft:iron_pickaxe":221,"minecraft:stone_axe":36,"minecraft:diamond_sword":22,"minecraft:cobblestone":21,"minecraft:furnace":1,"minecraft:egg":1},"minecraft:crafted":{"minecraft:oak_planks":28,"minecraft:stone_shovel":1,"minecraft:diamond_sword":1,"minecraft:crafting_table":2,"minecraft:wooden_pickaxe":1,"minecraft:furnace":1,"minecraft:stone_axe":1,"minecraft:air":0,"minecraft:diamond_pickaxe":1,"minecraft:stick":20,"minecraft:iron_ingot":3,"minecraft:iron_pickaxe":1,"minecraft:stone_pickaxe":1,"minecraft:wooden_axe":1,"minecraft:stone_sword":1,"minecraft:torch":4},"minecraft:custom":{"minecraft:interact_with_furnace":10,"minecraft:interact_with_crafting_table":34,"minecraft:leave_game":3,"minecraft:time_since_death":4721,"minecraft:sleep_in_bed":4,"minecraft:climb_one_cm":1036,"minecraft:time_since_rest":4760,"minecraft:sprint_one_cm":94806,"minecraft:damage_taken":1288,"minecraft:walk_one_cm":65615,"minecraft:drop":2,"minecraft:damage_dealt":303,"minecraft:swim_one_cm":9708,"minecraft:player_kills":2,"minecraft:fly_one_cm":130101,"minecraft:open_chest":6,"minecraft:crouch_one_cm":163,"minecraft:play_time":65999,"minecraft:deaths":5,"minecraft:sneak_time":83,"minecraft:walk_under_water_one_cm":3629,"minecraft:jump":804,"minecraft:walk_on_water_one_cm":4725,"minecraft:total_world_time":65999,"minecraft:fall_one_cm":28247},"minecraft:picked_up":{"minecraft:birch_log":7,"minecraft:crafting_table":2,"minecraft:diamond_sword":1,"minecraft:tuff":7,"minecraft:oak_log":25,"minecraft:dirt":84,"minecraft:raw_copper":35,"minecraft:wheat_seeds":13,"minecraft:cobbled_deepslate":128,"minecraft:raw_gold":1,"minecraft:birch_sapling":4,"minecraft:egg":1,"minecraft:stick":5,"minecraft:raw_iron":21,"minecraft:torch":2,"minecraft:dandelion":2,"minecraft:dripstone_block":1,"minecraft:diorite":17,"minecraft:white_bed":7,"minecraft:redstone":20,"minecraft:diamond":6,"minecraft:peony":2,"minecraft:granite":7,"minecraft:oak_sapling":4,"minecraft:coal":15,"minecraft:cobblestone":146},"minecraft:killed_by":{"minecraft:player":1,"minecraft:skeleton":1,"minecraft:creeper":1}},"DataVersion":3218}