{"stats":{"minecraft:mined":{"minecraft:tuff":7,"minecraft:white_bed":2,"minecraft:iron_ore":6,"minecraft:torch":2,"minecraft:crafting_table":1,"minecraft:granite":7,"minecraft:coal_ore":15,"minecraft:grass_block":2,"minecraft:oak_log":7,"minecraft:dirt":6,"minecraft:copper_ore":10,"minecraft:cobblestone":10,"minecraft:stone":107,"minecraft:diorite":17,"minecraft:deepslate":108},"minecraft:used":{"minecraft:wooden_axe":4,"minecraft:diorite":17,"minecraft:stone_shovel":7,"minecraft:stone_pickaxe":124,"minecraft:iron_pickaxe":158,"minecraft:wooden_pickaxe":6,"minecraft:torch":2,"minecraft:stone_axe":1,"minecraft:dirt":8,"minecraft:cobblestone":17,"minecraft:crafting_table":2,"minecraft:furnace":1,"minecraft:white_bed":1,"minecraft:egg":1},"minecraft:crafted":{"minecraft:oak_planks":28,"minecraft:stone_shovel":1,"minecraft:crafting_table":1,"minecraft:stick":16,"minecraft:iron_pickaxe":1,"minecraft:iron_ingot":3,"minecraft:wooden_pickaxe":1,"minecraft:stone_pickaxe":1,"minecraft:wooden_axe":1,"minecraft:stone_sword":1,"minecraft:furnace":1,"minecraft:torch":4,"minecraft:stone_axe":1,"minecraft:air":0},"minecraft:picked_up":{"minecraft:raw_iron":6,"minecraft:crafting_table":1,"minecraft:torch":2,"minecraft:tuff":7,"minecraft:oak_log":7,"minecraft:diorite":17,"minecraft:white_bed":2,"minecraft:raw_copper":35,"minecraft:dirt":8,"minecraft:cobbled_deepslate":108,"minecraft:granite":7,"minecraft:coal":15,"minecraft:cobblestone":117,"minecraft:egg":1},"minecraft:custom":{"minecraft:time_since_rest":9524,"minecraft:interact_with_furnace":10,"minecraft:sprint_one_cm":31776,"minecraft:damage_taken":425,"minecraft:walk_one_cm":29085,"minecraft:interact_with_crafting_table":32,"minecraft:fly_one_cm":43655,"minecraft:open_chest":5,"minecraft:crouch_one_cm":16,"minecraft:play_time":24237,"minecraft:deaths":1,"minecraft:sneak_time":9,"minecraft:jump":295,"minecraft:leave_game":1,"minecraft:time_since_death":20425,"minecraft:sleep_in_bed":1,"minecraft:climb_one_cm":1036,"minecraft:total_world_time":24237,"minecraft:fall_one_cm":11104}},"DataVersion":3218}