{"stats":{"minecraft:broken":{"minecraft:stone_pickaxe":3,"minecraft:iron_shovel":1,"minecraft:iron_pickaxe":1,"minecraft:stone_shovel":1},"minecraft:killed_by":{"minecraft:player":1,"minecraft:skeleton":1,"minecraft:creeper":1},"minecraft:mined":{"minecraft:deepslate_redstone_ore":4,"minecraft:tuff":7,"minecraft:white_bed":11,"minecraft:deepslate_diamond_ore":6,"minecraft:cobbled_deepslate_stairs":9,"minecraft:cobblestone_stairs":97,"minecraft:crafting_table":3,"minecraft:torch":9,"minecraft:granite":7,"minecraft:grass_block":322,"minecraft:chest":2,"minecraft:copper_ore":14,"minecraft:cobblestone":21,"minecraft:deepslate_gold_ore":1,"minecraft:oak_wall_sign":3,"minecraft:diorite":17,"minecraft:wall_torch":5,"minecraft:birch_log":7,"minecraft:iron_ore":21,"minecraft:peony":2,"minecraft:grass":4,"minecraft:oak_log":28,"minecraft:coal_ore":93,"minecraft:gravel":16,"minecraft:dripstone_block":1,"minecraft:dirt":117,"minecraft:stone":438,"minecraft:deepslate":128},"minecraft:dropped":{"minecraft:wheat_seeds":288,"minecraft:diamond":1,"minecraft:birch_sapling":4,"minecraft:feather":1,"minecraft:cobblestone":18,"minecraft:diamond_sword":1,"minecraft:dirt":1,"minecraft:peony":8,"minecraft:oak_sapling":4,"minecraft:dandelion":21,"minecraft:egg":3},"minecraft:custom":{"minecraft:interact_with_furnace":15,"minecraft:mob_kills":4,"minecraft:play_record":1,"minecraft:interact_with_crafting_table":50,"minecraft:leave_game":5,"minecraft:time_since_death":92514,"minecraft:sleep_in_bed":6,"minecraft:climb_one_cm":1036,"minecraft:time_since_rest":36834,"minecraft:sprint_one_cm":245483,"minecraft:damage_taken":1658,"minecraft:walk_one_cm":271032,"minecraft:drop":22,"minecraft:damage_dealt":693,"minecraft:player_kills":2,"minecraft:swim_one_cm":18410,"minecraft:fly_one_cm":331794,"minecraft:open_chest":11,"minecraft:crouch_one_cm":4214,"minecraft:play_time":153792,"minecraft:deaths":5,"minecraft:sneak_time":3172,"minecraft:walk_under_water_one_cm":27529,"minecraft:jump":2124,"minecraft:walk_on_water_one_cm":70140,"minecraft:total_world_time":153792,"minecraft:fall_one_cm":40711},"minecraft:used":{"minecraft:music_disc_far":1,"minecraft:water_bucket":29,"minecraft:diorite":17,"minecraft:stone_sword":2,"minecraft:cobblestone_stairs":225,"minecraft:iron_shovel":309,"minecraft:stone_shovel":133,"minecraft:stone_pickaxe":517,"minecraft:chest":4,"minecraft:oak_sign":5,"minecraft:wooden_pickaxe":6,"minecraft:oak_door":4,"minecraft:torch":19,"minecraft:dirt":136,"minecraft:crafting_table":5,"minecraft:white_bed":8,"minecraft:cobbled_deepslate_stairs":64,"minecraft:granite":7,"minecraft:wooden_axe":4,"minecraft:diamond_pickaxe":107,"minecraft:iron_pickaxe":250,"minecraft:stone_axe":43,"minecraft:diamond_sword":38,"minecraft:cobblestone":65,"minecraft:furnace":3,"minecraft:bucket":30,"minecraft:egg":1,"minecraft:cooked_beef":8,"minecraft:cobbled_deepslate":17},"minecraft:picked_up":{"minecraft:birch_log":7,"minecraft:crafting_table":3,"minecraft:cooked_beef":36,"minecraft:feather":1,"minecraft:chicken":2,"minecraft:diamond_sword":1,"minecraft:tuff":7,"minecraft:oak_log":25,"minecraft:cobbled_deepslate_stairs":9,"minecraft:cobblestone_stairs":97,"minecraft:dirt":336,"minecraft:raw_copper":54,"minecraft:oak_sign":3,"minecraft:wheat_seeds":344,"minecraft:cobbled_deepslate":128,"minecraft:raw_gold":1,"minecraft:music_disc_far":1,"minecraft:chest":2,"minecraft:birch_sapling":4,"minecraft:egg":4,"minecraft:stick":5,"minecraft:raw_iron":23,"minecraft:oak_door":2,"minecraft:torch":19,"minecraft:dandelion":21,"minecraft:dripstone_block":1,"minecraft:gravel":16,"minecraft:diorite":17,"minecraft:white_bed":8,"minecraft:redstone":20,"minecraft:diamond":6,"minecraft:peony":8,"minecraft:granite":7,"minecraft:oak_sapling":4,"minecraft:coal":90,"minecraft:cobblestone":368},"minecraft:killed":{"minecraft:spider":2,"minecraft:chicken":2},"minecraft:crafted":{"minecraft:oak_door":3,"minecraft:oak_planks":100,"minecraft:diamond_sword":1,"minecraft:stone_shovel":1,"minecraft:oak_sign":3,"minecraft:crafting_table":2,"minecraft:wooden_pickaxe":1,"minecraft:furnace":3,"minecraft:cobblestone_stairs":128,"minecraft:bucket":1,"minecraft:stone_axe":1,"minecraft:air":0,"minecraft:diamond_pickaxe":1,"minecraft:stick":24,"minecraft:iron_ingot":11,"minecraft:iron_pickaxe":1,"minecraft:stone_pickaxe":4,"minecraft:wooden_axe":1,"minecraft:stone_sword":1,"minecraft:chest":2,"minecraft:iron_shovel":2,"minecraft:cobbled_deepslate_stairs":72,"minecraft:torch":4,"minecraft:shears":1}},"DataVersion":3218}