{"stats":{"minecraft:mined":{"minecraft:deepslate_redstone_ore":4,"minecraft:tuff":7,"minecraft:white_bed":11,"minecraft:deepslate_diamond_ore":6,"minecraft:crafting_table":3,"minecraft:torch":5,"minecraft:granite":7,"minecraft:grass_block":57,"minecraft:chest":2,"minecraft:copper_ore":14,"minecraft:cobblestone":19,"minecraft:deepslate_gold_ore":1,"minecraft:oak_wall_sign":3,"minecraft:diorite":17,"minecraft:birch_log":7,"minecraft:iron_ore":21,"minecraft:peony":2,"minecraft:grass":3,"minecraft:oak_log":28,"minecraft:coal_ore":38,"minecraft:gravel":7,"minecraft:dripstone_block":1,"minecraft:dirt":49,"minecraft:stone":174,"minecraft:deepslate":128},"minecraft:dropped":{"minecraft:diamond":1,"minecraft:diamond_sword":1,"minecraft:peony":6},"minecraft:used":{"minecraft:water_bucket":2,"minecraft:diorite":17,"minecraft:stone_sword":2,"minecraft:stone_shovel":109,"minecraft:stone_pickaxe":150,"minecraft:oak_sign":5,"minecraft:chest":4,"minecraft:wooden_pickaxe":6,"minecraft:oak_door":4,"minecraft:torch":5,"minecraft:dirt":8,"minecraft:crafting_table":5,"minecraft:white_bed":8,"minecraft:granite":7,"minecraft:wooden_axe":4,"minecraft:diamond_pickaxe":35,"minecraft:iron_pickaxe":250,"minecraft:stone_axe":43,"minecraft:diamond_sword":24,"minecraft:cobblestone":63,"minecraft:furnace":3,"minecraft:bucket":3,"minecraft:egg":1,"minecraft:cooked_beef":2,"minecraft:cobbled_deepslate":17},"minecraft:crafted":{"minecraft:oak_door":3,"minecraft:oak_planks":100,"minecraft:oak_sign":3,"minecraft:stone_shovel":1,"minecraft:diamond_sword":1,"minecraft:crafting_table":2,"minecraft:wooden_pickaxe":1,"minecraft:furnace":3,"minecraft:bucket":1,"minecraft:stone_axe":1,"minecraft:air":0,"minecraft:diamond_pickaxe":1,"minecraft:stick":20,"minecraft:iron_ingot":11,"minecraft:iron_pickaxe":1,"minecraft:stone_pickaxe":2,"minecraft:wooden_axe":1,"minecraft:stone_sword":1,"minecraft:chest":2,"minecraft:torch":4},"minecraft:custom":{"minecraft:interact_with_furnace":15,"minecraft:interact_with_crafting_table":42,"minecraft:leave_game":3,"minecraft:time_since_death":28721,"minecraft:sleep_in_bed":4,"minecraft:climb_one_cm":1036,"minecraft:time_since_rest":28760,"minecraft:sprint_one_cm":141521,"minecraft:damage_taken":1348,"minecraft:walk_one_cm":109908,"minecraft:drop":7,"minecraft:damage_dealt":327,"minecraft:swim_one_cm":9708,"minecraft:player_kills":2,"minecraft:fly_one_cm":196053,"minecraft:open_chest":10,"minecraft:crouch_one_cm":219,"minecraft:play_time":89999,"minecraft:deaths":5,"minecraft:sneak_time":185,"minecraft:walk_under_water_one_cm":3629,"minecraft:jump":1116,"minecraft:walk_on_water_one_cm":4725,"minecraft:total_world_time":89999,"minecraft:fall_one_cm":30968},"minecraft:picked_up":{"minecraft:birch_log":7,"minecraft:crafting_table":3,"minecraft:cooked_beef":36,"minecraft:diamond_sword":1,"minecraft:tuff":7,"minecraft:oak_log":25,"minecraft:dirt":100,"minecraft:raw_copper":54,"minecraft:oak_sign":3,"minecraft:wheat_seeds":119,"minecraft:cobbled_deepslate":128,"minecraft:raw_gold":1,"minecraft:chest":2,"minecraft:birch_sapling":4,"minecraft:egg":2,"minecraft:stick":5,"minecraft:raw_iron":21,"minecraft:oak_door":2,"minecraft:torch":5,"minecraft:dandelion":7,"minecraft:dripstone_block":1,"minecraft:gravel":7,"minecraft:diorite":17,"minecraft:white_bed":8,"minecraft:redstone":20,"minecraft:diamond":6,"minecraft:peony":8,"minecraft:granite":7,"minecraft:oak_sapling":4,"minecraft:coal":38,"minecraft:cobblestone":193},"minecraft:killed_by":{"minecraft:player":1,"minecraft:skeleton":1,"minecraft:creeper":1},"minecraft:broken":{"minecraft:iron_pickaxe":1}},"DataVersion":3218}