{"stats":{"minecraft:broken":{"minecraft:stone_pickaxe":2,"minecraft:iron_shovel":1,"minecraft:iron_pickaxe":1,"minecraft:stone_shovel":1},"minecraft:killed_by":{"minecraft:player":1,"minecraft:skeleton":1,"minecraft:creeper":1},"minecraft:mined":{"minecraft:deepslate_redstone_ore":4,"minecraft:tuff":7,"minecraft:white_bed":11,"minecraft:deepslate_diamond_ore":6,"minecraft:cobblestone_stairs":2,"minecraft:crafting_table":3,"minecraft:torch":7,"minecraft:granite":7,"minecraft:grass_block":279,"minecraft:chest":2,"minecraft:copper_ore":14,"minecraft:cobblestone":19,"minecraft:deepslate_gold_ore":1,"minecraft:oak_wall_sign":3,"minecraft:diorite":17,"minecraft:birch_log":7,"minecraft:iron_ore":21,"minecraft:peony":2,"minecraft:grass":4,"minecraft:oak_log":28,"minecraft:coal_ore":93,"minecraft:gravel":16,"minecraft:dripstone_block":1,"minecraft:dirt":104,"minecraft:stone":428,"minecraft:deepslate":128},"minecraft:dropped":{"minecraft:wheat_seeds":224,"minecraft:diamond":1,"minecraft:birch_sapling":4,"minecraft:feather":1,"minecraft:cobblestone":18,"minecraft:diamond_sword":1,"minecraft:peony":8,"minecraft:oak_sapling":4,"minecraft:dandelion":21,"minecraft:egg":3},"minecraft:custom":{"minecraft:interact_with_furnace":15,"minecraft:mob_kills":4,"minecraft:play_record":1,"minecraft:interact_with_crafting_table":48,"minecraft:leave_game":4,"minecraft:time_since_death":63871,"minecraft:sleep_in_bed":6,"minecraft:climb_one_cm":1036,"minecraft:time_since_rest":8191,"minecraft:sprint_one_cm":189225,"minecraft:damage_taken":1588,"minecraft:walk_one_cm":182009,"minecraft:drop":20,"minecraft:damage_dealt":693,"minecraft:player_kills":2,"minecraft:swim_one_cm":15331,"minecraft:fly_one_cm":266705,"minecraft:open_chest":10,"minecraft:crouch_one_cm":412,"minecraft:play_time":125149,"minecraft:deaths":5,"minecraft:sneak_time":1501,"minecraft:walk_under_water_one_cm":14591,"minecraft:jump":1687,"minecraft:walk_on_water_one_cm":47929,"minecraft:total_world_time":125149,"minecraft:fall_one_cm":36508},"minecraft:used":{"minecraft:music_disc_far":1,"minecraft:water_bucket":8,"minecraft:diorite":17,"minecraft:stone_sword":2,"minecraft:cobblestone_stairs":10,"minecraft:iron_shovel":255,"minecraft:stone_shovel":133,"minecraft:stone_pickaxe":425,"minecraft:chest":4,"minecraft:oak_sign":5,"minecraft:wooden_pickaxe":6,"minecraft:oak_door":4,"minecraft:torch":7,"minecraft:dirt":94,"minecraft:crafting_table":5,"minecraft:white_bed":8,"minecraft:granite":7,"minecraft:wooden_axe":4,"minecraft:diamond_pickaxe":77,"minecraft:iron_pickaxe":250,"minecraft:stone_axe":43,"minecraft:diamond_sword":38,"minecraft:cobblestone":63,"minecraft:furnace":3,"minecraft:bucket":9,"minecraft:egg":1,"minecraft:cooked_beef":6,"minecraft:cobbled_deepslate":17},"minecraft:picked_up":{"minecraft:birch_log":7,"minecraft:crafting_table":3,"minecraft:cooked_beef":36,"minecraft:feather":1,"minecraft:chicken":2,"minecraft:diamond_sword":1,"minecraft:tuff":7,"minecraft:oak_log":25,"minecraft:cobblestone_stairs":2,"minecraft:dirt":283,"minecraft:raw_copper":54,"minecraft:oak_sign":3,"minecraft:wheat_seeds":344,"minecraft:cobbled_deepslate":128,"minecraft:raw_gold":1,"minecraft:music_disc_far":1,"minecraft:chest":2,"minecraft:birch_sapling":4,"minecraft:egg":4,"minecraft:stick":5,"minecraft:raw_iron":21,"minecraft:oak_door":2,"minecraft:torch":7,"minecraft:dandelion":21,"minecraft:dripstone_block":1,"minecraft:gravel":16,"minecraft:diorite":17,"minecraft:white_bed":8,"minecraft:redstone":20,"minecraft:diamond":6,"minecraft:peony":8,"minecraft:granite":7,"minecraft:oak_sapling":4,"minecraft:coal":90,"minecraft:cobblestone":356},"minecraft:killed":{"minecraft:spider":2,"minecraft:chicken":2},"minecraft:crafted":{"minecraft:oak_door":3,"minecraft:oak_planks":100,"minecraft:diamond_sword":1,"minecraft:stone_shovel":1,"minecraft:oak_sign":3,"minecraft:crafting_table":2,"minecraft:wooden_pickaxe":1,"minecraft:furnace":3,"minecraft:cobblestone_stairs":128,"minecraft:bucket":1,"minecraft:stone_axe":1,"minecraft:air":0,"minecraft:diamond_pickaxe":1,"minecraft:stick":24,"minecraft:iron_ingot":11,"minecraft:iron_pickaxe":1,"minecraft:stone_pickaxe":4,"minecraft:wooden_axe":1,"minecraft:stone_sword":1,"minecraft:chest":2,"minecraft:iron_shovel":2,"minecraft:torch":4,"minecraft:shears":1}},"DataVersion":3218}