{"stats":{"minecraft:mined":{"minecraft:white_bed":1,"minecraft:iron_ore":2,"minecraft:crafting_table":1,"minecraft:granite":1,"minecraft:grass_block":2,"minecraft:oak_log":7,"minecraft:dirt":6,"minecraft:cobblestone":10,"minecraft:stone":24,"minecraft:diorite":8},"minecraft:used":{"minecraft:wooden_axe":4,"minecraft:stone_shovel":7,"minecraft:stone_pickaxe":39,"minecraft:wooden_pickaxe":6,"minecraft:stone_axe":1,"minecraft:dirt":1,"minecraft:crafting_table":2,"minecraft:furnace":1,"minecraft:egg":1},"minecraft:crafted":{"minecraft:oak_planks":28,"minecraft:stone_shovel":1,"minecraft:crafting_table":1,"minecraft:stick":12,"minecraft:wooden_pickaxe":1,"minecraft:stone_pickaxe":1,"minecraft:wooden_axe":1,"minecraft:stone_sword":1,"minecraft:furnace":1,"minecraft:stone_axe":1},"minecraft:picked_up":{"minecraft:raw_iron":2,"minecraft:crafting_table":1,"minecraft:oak_log":7,"minecraft:diorite":8,"minecraft:white_bed":1,"minecraft:dirt":8,"minecraft:granite":1,"minecraft:cobblestone":34,"minecraft:egg":1},"minecraft:custom":{"minecraft:time_since_rest":8461,"minecraft:sprint_one_cm":30703,"minecraft:damage_taken":425,"minecraft:walk_one_cm":17709,"minecraft:interact_with_crafting_table":8,"minecraft:fly_one_cm":43524,"minecraft:open_chest":5,"minecraft:crouch_one_cm":16,"minecraft:play_time":12237,"minecraft:deaths":1,"minecraft:sneak_time":9,"minecraft:jump":222,"minecraft:leave_game":1,"minecraft:time_since_death":8425,"minecraft:climb_one_cm":1036,"minecraft:total_world_time":12237,"minecraft:fall_one_cm":10413}},"DataVersion":3218}