{"stats":{"minecraft:mined":{"minecraft:dandelion":94,"minecraft:crafting_table":2,"minecraft:cornflower":11,"minecraft:grass_block":859,"minecraft:tall_grass":36,"minecraft:sugar_cane":1,"minecraft:hay_block":9,"minecraft:birch_log":7,"minecraft:fire":8,"minecraft:gray_bed":3,"minecraft:grass":396,"minecraft:oak_log":9,"minecraft:dirt":109,"minecraft:stone":17},"minecraft:dropped":{"minecraft:white_bed":1,"minecraft:oak_sapling":1},"minecraft:used":{"minecraft:leather_leggings":1,"minecraft:diamond_boots":1,"minecraft:stone_sword":207,"minecraft:stone_pickaxe":14,"minecraft:stone_shovel":998,"minecraft:oak_planks":12,"minecraft:wooden_pickaxe":5,"minecraft:dirt":1202,"minecraft:mutton":8,"minecraft:crafting_table":5,"minecraft:diamond_helmet":1,"minecraft:apple":5,"minecraft:chicken":2,"minecraft:bread":8,"minecraft:leather_helmet":1,"minecraft:stone_axe":24,"minecraft:diamond_chestplate":1,"minecraft:cobblestone":1,"minecraft:beef":4,"minecraft:porkchop":2,"minecraft:gray_bed":5,"minecraft:egg":1,"minecraft:diamond_leggings":1},"minecraft:killed":{"minecraft:pig":1,"minecraft:spider":3,"minecraft:sheep":6,"minecraft:skeleton":2,"minecraft:zombie":1,"minecraft:chicken":2,"minecraft:cow":2},"minecraft:custom":{"minecraft:mob_kills":17,"minecraft:interact_with_crafting_table":19,"minecraft:leave_game":1,"minecraft:time_since_death":4867,"minecraft:sleep_in_bed":10,"minecraft:time_since_rest":4191,"minecraft:sprint_one_cm":163296,"minecraft:damage_taken":2343,"minecraft:walk_one_cm":380076,"minecraft:drop":2,"minecraft:damage_dealt":2420,"minecraft:swim_one_cm":1709,"minecraft:fly_one_cm":335236,"minecraft:open_chest":6,"minecraft:crouch_one_cm":1197,"minecraft:play_time":105706,"minecraft:deaths":6,"minecraft:sneak_time":1481,"minecraft:walk_under_water_one_cm":419,"minecraft:jump":1677,"minecraft:walk_on_water_one_cm":3901,"minecraft:total_world_time":105706,"minecraft:fall_one_cm":45324},"minecraft:crafted":{"minecraft:oak_planks":60,"minecraft:stone_shovel":8,"minecraft:crafting_table":2,"minecraft:wooden_pickaxe":1,"minecraft:birch_planks":4,"minecraft:stone_axe":1,"minecraft:diamond_helmet":1,"minecraft:diamond_leggings":1,"minecraft:stick":20,"minecraft:stone_pickaxe":1,"minecraft:stone_sword":1,"minecraft:diamond_boots":1,"minecraft:white_bed":1,"minecraft:gray_bed":1,"minecraft:diamond_chestplate":1},"minecraft:picked_up":{"minecraft:birch_log":7,"minecraft:crafting_table":2,"minecraft:feather":4,"minecraft:chicken":2,"minecraft:leather_leggings":1,"minecraft:golden_pickaxe":1,"minecraft:leather":4,"minecraft:wooden_pickaxe":1,"minecraft:potato":11,"minecraft:flint":3,"minecraft:oak_log":34,"minecraft:dirt":1444,"minecraft:cornflower":39,"minecraft:string":1,"minecraft:bone":2,"minecraft:apple":5,"minecraft:wheat_seeds":88,"minecraft:stone_pickaxe":1,"minecraft:beef":4,"minecraft:sugar_cane":4,"minecraft:gray_bed":3,"minecraft:birch_sapling":1,"minecraft:oak_planks":1,"minecraft:egg":2,"minecraft:stick":10,"minecraft:dandelion":176,"minecraft:porkchop":2,"minecraft:golden_axe":1,"minecraft:leather_helmet":1,"minecraft:stone_sword":1,"minecraft:stone_shovel":1,"minecraft:stone_axe":1,"minecraft:hay_block":18,"minecraft:gray_wool":3,"minecraft:emerald":5,"minecraft:bread":5,"minecraft:oak_sapling":6,"minecraft:mutton":8,"minecraft:white_wool":3,"minecraft:cobblestone":28},"minecraft:killed_by":{"minecraft:skeleton":3,"minecraft:creeper":1},"minecraft:broken":{"minecraft:stone_shovel":7}},"DataVersion":3218}