{"stats":{"minecraft:mined":{"minecraft:dandelion":94,"minecraft:crafting_table":2,"minecraft:cornflower":11,"minecraft:grass_block":872,"minecraft:cobblestone":1,"minecraft:tall_grass":36,"minecraft:oak_planks":12,"minecraft:sugar_cane":1,"minecraft:hay_block":9,"minecraft:birch_log":38,"minecraft:fire":8,"minecraft:gray_bed":3,"minecraft:coal_ore":26,"minecraft:grass":399,"minecraft:oak_sign":2,"minecraft:oak_log":151,"minecraft:dirt":110,"minecraft:stone_bricks":39,"minecraft:stone":21,"minecraft:oak_leaves":12},"minecraft:dropped":{"minecraft:stone_shovel":1,"minecraft:white_bed":1,"minecraft:oak_sapling":1,"minecraft:dandelion":2},"minecraft:used":{"minecraft:music_disc_far":2,"minecraft:leather_leggings":1,"minecraft:diamond_boots":1,"minecraft:stone_sword":215,"minecraft:stone_pickaxe":72,"minecraft:stone_shovel":1012,"minecraft:oak_planks":12,"minecraft:oak_sign":2,"minecraft:wooden_pickaxe":5,"minecraft:diamond_axe":144,"minecraft:dirt":1202,"minecraft:mutton":8,"minecraft:crafting_table":5,"minecraft:diamond_helmet":1,"minecraft:apple":5,"minecraft:chicken":2,"minecraft:bread":17,"minecraft:iron_pickaxe":13,"minecraft:leather_helmet":1,"minecraft:diamond_sword":5,"minecraft:stone_bricks":282,"minecraft:stone_axe":116,"minecraft:diamond_chestplate":1,"minecraft:cobblestone":1,"minecraft:beef":4,"minecraft:furnace":3,"minecraft:porkchop":2,"minecraft:gray_bed":5,"minecraft:birch_log":1,"minecraft:egg":1,"minecraft:diamond_leggings":1},"minecraft:killed":{"minecraft:pig":1,"minecraft:zombie_villager":1,"minecraft:spider":3,"minecraft:sheep":6,"minecraft:skeleton":2,"minecraft:zombie":2,"minecraft:chicken":2,"minecraft:cow":2},"minecraft:crafted":{"minecraft:oak_planks":60,"minecraft:oak_sign":3,"minecraft:stone_shovel":8,"minecraft:diamond_sword":1,"minecraft:diamond_axe":1,"minecraft:crafting_table":2,"minecraft:wooden_pickaxe":1,"minecraft:furnace":2,"minecraft:stone":245,"minecraft:birch_planks":4,"minecraft:stone_axe":1,"minecraft:air":0,"minecraft:diamond_helmet":1,"minecraft:diamond_leggings":1,"minecraft:stick":20,"minecraft:stone_pickaxe":2,"minecraft:stone_sword":1,"minecraft:diamond_boots":1,"minecraft:white_bed":1,"minecraft:stone_bricks":244,"minecraft:gray_bed":1,"minecraft:diamond_chestplate":1},"minecraft:custom":{"minecraft:interact_with_furnace":23,"minecraft:mob_kills":20,"minecraft:play_record":2,"minecraft:interact_with_crafting_table":36,"minecraft:leave_game":2,"minecraft:time_since_death":62292,"minecraft:sleep_in_bed":13,"minecraft:time_since_rest":17307,"minecraft:sprint_one_cm":262821,"minecraft:damage_taken":2569,"minecraft:walk_one_cm":542590,"minecraft:drop":5,"minecraft:damage_dealt":2923,"minecraft:swim_one_cm":1709,"minecraft:player_kills":1,"minecraft:fly_one_cm":570866,"minecraft:open_chest":13,"minecraft:crouch_one_cm":1302,"minecraft:play_time":163131,"minecraft:deaths":6,"minecraft:sneak_time":1619,"minecraft:walk_under_water_one_cm":419,"minecraft:jump":2635,"minecraft:walk_on_water_one_cm":4182,"minecraft:total_world_time":163131,"minecraft:fall_one_cm":60356},"minecraft:picked_up":{"minecraft:birch_log":38,"minecraft:crafting_table":2,"minecraft:feather":4,"minecraft:chicken":2,"minecraft:leather_leggings":1,"minecraft:golden_pickaxe":1,"minecraft:leather":4,"minecraft:wooden_pickaxe":1,"minecraft:potato":11,"minecraft:flint":3,"minecraft:oak_log":165,"minecraft:dirt":1472,"minecraft:cornflower":39,"minecraft:string":1,"minecraft:bone":2,"minecraft:oak_sign":2,"minecraft:stone_bricks":38,"minecraft:apple":10,"minecraft:wheat_seeds":88,"minecraft:music_disc_far":1,"minecraft:stone_pickaxe":1,"minecraft:beef":4,"minecraft:sugar_cane":4,"minecraft:gray_bed":3,"minecraft:birch_sapling":8,"minecraft:oak_planks":12,"minecraft:egg":2,"minecraft:raw_iron":3,"minecraft:stick":42,"minecraft:music_disc_blocks":1,"minecraft:dandelion":188,"minecraft:porkchop":2,"minecraft:golden_axe":1,"minecraft:leather_helmet":1,"minecraft:stone_sword":1,"minecraft:rotten_flesh":1,"minecraft:stone_shovel":1,"minecraft:stone_axe":1,"minecraft:hay_block":18,"minecraft:gray_wool":3,"minecraft:emerald":5,"minecraft:bread":5,"minecraft:oak_sapling":53,"minecraft:coal":26,"minecraft:mutton":8,"minecraft:white_wool":3,"minecraft:cobblestone":29},"minecraft:killed_by":{"minecraft:skeleton":3,"minecraft:creeper":1},"minecraft:broken":{"minecraft:stone_axe":1,"minecraft:iron_pickaxe":1,"minecraft:stone_shovel":7}},"DataVersion":3218}