{"stats":{"minecraft:mined":{"minecraft:dandelion":44,"minecraft:crafting_table":2,"minecraft:cornflower":5,"minecraft:grass_block":246,"minecraft:tall_grass":30,"minecraft:sugar_cane":1,"minecraft:hay_block":9,"minecraft:birch_log":1,"minecraft:fire":8,"minecraft:gray_bed":2,"minecraft:grass":113,"minecraft:oak_log":3,"minecraft:dirt":17,"minecraft:stone":17},"minecraft:dropped":{"minecraft:white_bed":1,"minecraft:oak_sapling":1},"minecraft:used":{"minecraft:leather_leggings":1,"minecraft:stone_sword":175,"minecraft:stone_pickaxe":14,"minecraft:stone_shovel":254,"minecraft:wooden_pickaxe":5,"minecraft:dirt":46,"minecraft:mutton":8,"minecraft:crafting_table":3,"minecraft:chicken":2,"minecraft:leather_helmet":1,"minecraft:stone_axe":9,"minecraft:beef":4,"minecraft:porkchop":2,"minecraft:gray_bed":3,"minecraft:egg":1},"minecraft:killed":{"minecraft:pig":1,"minecraft:spider":2,"minecraft:sheep":6,"minecraft:chicken":2,"minecraft:cow":2},"minecraft:custom":{"minecraft:mob_kills":13,"minecraft:interact_with_crafting_table":9,"minecraft:time_since_death":1576,"minecraft:sleep_in_bed":3,"minecraft:time_since_rest":0,"minecraft:sprint_one_cm":72658,"minecraft:damage_taken":843,"minecraft:walk_one_cm":132819,"minecraft:drop":2,"minecraft:damage_dealt":1181,"minecraft:swim_one_cm":1709,"minecraft:fly_one_cm":140766,"minecraft:open_chest":4,"minecraft:crouch_one_cm":1026,"minecraft:play_time":45327,"minecraft:deaths":2,"minecraft:sneak_time":1241,"minecraft:walk_under_water_one_cm":419,"minecraft:jump":768,"minecraft:walk_on_water_one_cm":3901,"minecraft:total_world_time":45327,"minecraft:fall_one_cm":23412},"minecraft:crafted":{"minecraft:oak_planks":16,"minecraft:stone_shovel":2,"minecraft:crafting_table":1,"minecraft:wooden_pickaxe":1,"minecraft:birch_planks":4,"minecraft:stone_axe":1,"minecraft:stick":12,"minecraft:stone_pickaxe":1,"minecraft:stone_sword":1,"minecraft:white_bed":1,"minecraft:gray_bed":1},"minecraft:picked_up":{"minecraft:birch_log":1,"minecraft:crafting_table":2,"minecraft:feather":4,"minecraft:chicken":2,"minecraft:leather_leggings":1,"minecraft:golden_pickaxe":1,"minecraft:leather":4,"minecraft:wooden_pickaxe":1,"minecraft:potato":11,"minecraft:flint":3,"minecraft:oak_log":26,"minecraft:cornflower":32,"minecraft:dirt":523,"minecraft:apple":5,"minecraft:wheat_seeds":54,"minecraft:stone_pickaxe":1,"minecraft:beef":4,"minecraft:gray_bed":2,"minecraft:sugar_cane":4,"minecraft:oak_planks":1,"minecraft:egg":1,"minecraft:stick":7,"minecraft:dandelion":100,"minecraft:porkchop":2,"minecraft:golden_axe":1,"minecraft:leather_helmet":1,"minecraft:stone_sword":1,"minecraft:stone_shovel":1,"minecraft:stone_axe":1,"minecraft:hay_block":18,"minecraft:bread":5,"minecraft:gray_wool":3,"minecraft:emerald":5,"minecraft:oak_sapling":1,"minecraft:mutton":8,"minecraft:white_wool":3,"minecraft:cobblestone":24},"minecraft:broken":{"minecraft:stone_shovel":1}},"DataVersion":3218}