{"stats":{"minecraft:mined":{"minecraft:birch_log":1,"minecraft:fire":8,"minecraft:gray_bed":1,"minecraft:cornflower":1,"minecraft:crafting_table":2,"minecraft:grass":5,"minecraft:grass_block":15,"minecraft:oak_log":3,"minecraft:dirt":13,"minecraft:tall_grass":2,"minecraft:stone":17,"minecraft:sugar_cane":1},"minecraft:dropped":{"minecraft:oak_sapling":1,"minecraft:white_bed":1},"minecraft:used":{"minecraft:stone_sword":23,"minecraft:stone_shovel":21,"minecraft:chicken":2,"minecraft:stone_pickaxe":14,"minecraft:wooden_pickaxe":5,"minecraft:stone_axe":5,"minecraft:dirt":41,"minecraft:mutton":4,"minecraft:beef":4,"minecraft:crafting_table":2,"minecraft:porkchop":2,"minecraft:gray_bed":1,"minecraft:egg":1},"minecraft:killed":{"minecraft:sheep":6,"minecraft:pig":1,"minecraft:chicken":2,"minecraft:spider":1,"minecraft:cow":2},"minecraft:crafted":{"minecraft:oak_planks":16,"minecraft:stone_shovel":1,"minecraft:crafting_table":1,"minecraft:stick":8,"minecraft:wooden_pickaxe":1,"minecraft:stone_pickaxe":1,"minecraft:stone_sword":1,"minecraft:white_bed":1,"minecraft:birch_planks":4,"minecraft:stone_axe":1,"minecraft:gray_bed":1},"minecraft:picked_up":{"minecraft:birch_log":1,"minecraft:stick":4,"minecraft:crafting_table":2,"minecraft:feather":2,"minecraft:chicken":2,"minecraft:leather":1,"minecraft:porkchop":2,"minecraft:oak_log":15,"minecraft:cornflower":1,"minecraft:dirt":45,"minecraft:beef":4,"minecraft:gray_wool":3,"minecraft:oak_sapling":1,"minecraft:sugar_cane":2,"minecraft:gray_bed":1,"minecraft:mutton":8,"minecraft:white_wool":3,"minecraft:cobblestone":17,"minecraft:egg":1},"minecraft:custom":{"minecraft:time_since_rest":9996,"minecraft:sprint_one_cm":43175,"minecraft:damage_taken":525,"minecraft:walk_one_cm":66541,"minecraft:mob_kills":12,"minecraft:drop":2,"minecraft:damage_dealt":1021,"minecraft:swim_one_cm":1709,"minecraft:interact_with_crafting_table":8,"minecraft:fly_one_cm":109509,"minecraft:open_chest":1,"minecraft:crouch_one_cm":1026,"minecraft:play_time":27327,"minecraft:deaths":1,"minecraft:sneak_time":1225,"minecraft:walk_under_water_one_cm":419,"minecraft:jump":541,"minecraft:walk_on_water_one_cm":3901,"minecraft:time_since_death":23382,"minecraft:sleep_in_bed":1,"minecraft:total_world_time":27327,"minecraft:fall_one_cm":17025}},"DataVersion":3218}