{"stats":{"minecraft:broken":{"minecraft:stone_pickaxe":2,"minecraft:stone_axe":1,"minecraft:iron_pickaxe":1,"minecraft:stone_shovel":10},"minecraft:killed_by":{"minecraft:skeleton":3,"minecraft:creeper":2},"minecraft:mined":{"minecraft:dandelion":96,"minecraft:cornflower":13,"minecraft:crafting_table":2,"minecraft:grass_block":1088,"minecraft:tall_grass":36,"minecraft:cobblestone":1,"minecraft:oak_planks":12,"minecraft:sugar_cane":1,"minecraft:hay_block":9,"minecraft:birch_log":38,"minecraft:fire":8,"minecraft:gray_bed":3,"minecraft:grass":408,"minecraft:coal_ore":32,"minecraft:oak_log":151,"minecraft:oak_sign":2,"minecraft:dirt":366,"minecraft:stone_bricks":44,"minecraft:stone":246,"minecraft:oak_leaves":12},"minecraft:dropped":{"minecraft:stone_shovel":1,"minecraft:white_bed":1,"minecraft:oak_sapling":1,"minecraft:dandelion":2},"minecraft:custom":{"minecraft:interact_with_furnace":70,"minecraft:mob_kills":21,"minecraft:play_record":5,"minecraft:interact_with_crafting_table":55,"minecraft:leave_game":4,"minecraft:time_since_death":830,"minecraft:sleep_in_bed":15,"minecraft:time_since_rest":861,"minecraft:sprint_one_cm":313864,"minecraft:damage_taken":3681,"minecraft:walk_one_cm":723338,"minecraft:drop":5,"minecraft:damage_dealt":2958,"minecraft:swim_one_cm":1709,"minecraft:player_kills":1,"minecraft:fly_one_cm":682899,"minecraft:open_chest":22,"minecraft:crouch_one_cm":16184,"minecraft:play_time":231227,"minecraft:sneak_time":6913,"minecraft:deaths":9,"minecraft:walk_under_water_one_cm":419,"minecraft:jump":3838,"minecraft:walk_on_water_one_cm":6018,"minecraft:total_world_time":231227,"minecraft:fall_one_cm":86643},"minecraft:used":{"minecraft:music_disc_far":2,"minecraft:leather_leggings":1,"minecraft:stone_sword":215,"minecraft:diamond_boots":1,"minecraft:stone_pickaxe":309,"minecraft:stone_shovel":1407,"minecraft:oak_planks":12,"minecraft:oak_sign":2,"minecraft:wooden_pickaxe":5,"minecraft:diamond_axe":144,"minecraft:mutton":8,"minecraft:dirt":1713,"minecraft:music_disc_cat":1,"minecraft:crafting_table":5,"minecraft:diamond_helmet":1,"minecraft:music_disc_13":1,"minecraft:apple":5,"minecraft:chicken":2,"minecraft:bread":27,"minecraft:iron_pickaxe":13,"minecraft:leather_helmet":1,"minecraft:music_disc_blocks":1,"minecraft:diamond_chestplate":1,"minecraft:stone_bricks":501,"minecraft:stone_axe":116,"minecraft:diamond_sword":5,"minecraft:cobblestone":1,"minecraft:beef":4,"minecraft:furnace":3,"minecraft:porkchop":2,"minecraft:gray_bed":5,"minecraft:birch_log":1,"minecraft:egg":1,"minecraft:cobbled_deepslate":7,"minecraft:diamond_leggings":1},"minecraft:picked_up":{"minecraft:birch_log":38,"minecraft:crafting_table":2,"minecraft:feather":4,"minecraft:chicken":2,"minecraft:golden_pickaxe":1,"minecraft:leather_leggings":1,"minecraft:leather":4,"minecraft:wooden_pickaxe":1,"minecraft:potato":11,"minecraft:flint":3,"minecraft:oak_log":165,"minecraft:dirt":1905,"minecraft:music_disc_cat":2,"minecraft:cornflower":40,"minecraft:string":3,"minecraft:bone":2,"minecraft:oak_sign":2,"minecraft:apple":10,"minecraft:stone_bricks":43,"minecraft:wheat_seeds":91,"minecraft:stone_pickaxe":1,"minecraft:beef":4,"minecraft:music_disc_far":1,"minecraft:gray_bed":3,"minecraft:sugar_cane":4,"minecraft:birch_sapling":8,"minecraft:oak_planks":12,"minecraft:egg":2,"minecraft:stick":42,"minecraft:raw_iron":3,"minecraft:music_disc_blocks":2,"minecraft:dandelion":190,"minecraft:porkchop":2,"minecraft:golden_axe":1,"minecraft:leather_helmet":1,"minecraft:stone_sword":1,"minecraft:stone_shovel":1,"minecraft:rotten_flesh":5,"minecraft:stone_axe":1,"minecraft:hay_block":18,"minecraft:gray_wool":3,"minecraft:bread":5,"minecraft:emerald":5,"minecraft:oak_sapling":53,"minecraft:mutton":8,"minecraft:coal":32,"minecraft:white_wool":3,"minecraft:cobblestone":244},"minecraft:killed":{"minecraft:pig":1,"minecraft:zombie_villager":1,"minecraft:spider":3,"minecraft:skeleton":2,"minecraft:sheep":6,"minecraft:zombie":2,"minecraft:chicken":2,"minecraft:cow":2},"minecraft:crafted":{"minecraft:oak_planks":60,"minecraft:diamond_sword":1,"minecraft:stone_shovel":11,"minecraft:oak_sign":3,"minecraft:diamond_axe":1,"minecraft:crafting_table":2,"minecraft:wooden_pickaxe":1,"minecraft:furnace":2,"minecraft:stone":490,"minecraft:birch_planks":4,"minecraft:stone_axe":1,"minecraft:air":0,"minecraft:diamond_helmet":1,"minecraft:diamond_leggings":1,"minecraft:stick":20,"minecraft:stone_pickaxe":4,"minecraft:stone_sword":1,"minecraft:diamond_boots":1,"minecraft:white_bed":1,"minecraft:stone_bricks":488,"minecraft:gray_bed":1,"minecraft:diamond_chestplate":1}},"DataVersion":3218}