{"stats":{"minecraft:mined":{"minecraft:dandelion":65,"minecraft:crafting_table":2,"minecraft:cornflower":5,"minecraft:grass_block":612,"minecraft:tall_grass":36,"minecraft:sugar_cane":1,"minecraft:hay_block":9,"minecraft:birch_log":7,"minecraft:fire":8,"minecraft:gray_bed":3,"minecraft:grass":281,"minecraft:oak_log":9,"minecraft:dirt":104,"minecraft:stone":17},"minecraft:dropped":{"minecraft:white_bed":1,"minecraft:oak_sapling":1},"minecraft:used":{"minecraft:leather_leggings":1,"minecraft:stone_sword":194,"minecraft:stone_pickaxe":14,"minecraft:stone_shovel":706,"minecraft:wooden_pickaxe":5,"minecraft:dirt":745,"minecraft:mutton":8,"minecraft:crafting_table":4,"minecraft:bread":5,"minecraft:chicken":2,"minecraft:leather_helmet":1,"minecraft:stone_axe":24,"minecraft:cobblestone":1,"minecraft:beef":4,"minecraft:porkchop":2,"minecraft:gray_bed":4,"minecraft:egg":1},"minecraft:killed":{"minecraft:pig":1,"minecraft:spider":2,"minecraft:sheep":6,"minecraft:skeleton":1,"minecraft:chicken":2,"minecraft:cow":2},"minecraft:custom":{"minecraft:mob_kills":14,"minecraft:interact_with_crafting_table":15,"minecraft:time_since_death":5584,"minecraft:sleep_in_bed":6,"minecraft:time_since_rest":4668,"minecraft:sprint_one_cm":135694,"minecraft:damage_taken":1928,"minecraft:walk_one_cm":274618,"minecraft:drop":2,"minecraft:damage_dealt":1850,"minecraft:swim_one_cm":1709,"minecraft:fly_one_cm":246517,"minecraft:open_chest":4,"minecraft:crouch_one_cm":1026,"minecraft:play_time":81327,"minecraft:deaths":5,"minecraft:sneak_time":1241,"minecraft:walk_under_water_one_cm":419,"minecraft:jump":1337,"minecraft:walk_on_water_one_cm":3901,"minecraft:total_world_time":81327,"minecraft:fall_one_cm":39772},"minecraft:crafted":{"minecraft:oak_planks":60,"minecraft:stone_shovel":6,"minecraft:crafting_table":2,"minecraft:wooden_pickaxe":1,"minecraft:birch_planks":4,"minecraft:stone_axe":1,"minecraft:stick":16,"minecraft:stone_pickaxe":1,"minecraft:stone_sword":1,"minecraft:white_bed":1,"minecraft:gray_bed":1},"minecraft:picked_up":{"minecraft:birch_log":7,"minecraft:crafting_table":2,"minecraft:feather":4,"minecraft:chicken":2,"minecraft:leather_leggings":1,"minecraft:golden_pickaxe":1,"minecraft:leather":4,"minecraft:wooden_pickaxe":1,"minecraft:potato":11,"minecraft:flint":3,"minecraft:oak_log":34,"minecraft:cornflower":32,"minecraft:dirt":996,"minecraft:bone":2,"minecraft:apple":5,"minecraft:wheat_seeds":73,"minecraft:stone_pickaxe":1,"minecraft:beef":4,"minecraft:gray_bed":3,"minecraft:sugar_cane":4,"minecraft:birch_sapling":1,"minecraft:oak_planks":1,"minecraft:egg":1,"minecraft:stick":10,"minecraft:dandelion":148,"minecraft:porkchop":2,"minecraft:golden_axe":1,"minecraft:leather_helmet":1,"minecraft:stone_sword":1,"minecraft:stone_shovel":1,"minecraft:stone_axe":1,"minecraft:hay_block":18,"minecraft:bread":5,"minecraft:gray_wool":3,"minecraft:emerald":5,"minecraft:oak_sapling":6,"minecraft:mutton":8,"minecraft:white_wool":3,"minecraft:cobblestone":28},"minecraft:killed_by":{"minecraft:skeleton":2,"minecraft:creeper":1},"minecraft:broken":{"minecraft:stone_shovel":5}},"DataVersion":3218}