{"stats":{"minecraft:mined":{"minecraft:dandelion":45,"minecraft:crafting_table":2,"minecraft:cornflower":5,"minecraft:grass_block":381,"minecraft:tall_grass":35,"minecraft:sugar_cane":1,"minecraft:hay_block":9,"minecraft:birch_log":1,"minecraft:fire":8,"minecraft:gray_bed":3,"minecraft:grass":148,"minecraft:oak_log":3,"minecraft:dirt":28,"minecraft:stone":17},"minecraft:dropped":{"minecraft:white_bed":1,"minecraft:oak_sapling":1},"minecraft:used":{"minecraft:leather_leggings":1,"minecraft:stone_sword":186,"minecraft:stone_pickaxe":14,"minecraft:stone_shovel":402,"minecraft:wooden_pickaxe":5,"minecraft:dirt":276,"minecraft:mutton":8,"minecraft:crafting_table":3,"minecraft:bread":2,"minecraft:chicken":2,"minecraft:leather_helmet":1,"minecraft:stone_axe":9,"minecraft:cobblestone":1,"minecraft:beef":4,"minecraft:porkchop":2,"minecraft:gray_bed":3,"minecraft:egg":1},"minecraft:killed":{"minecraft:pig":1,"minecraft:spider":2,"minecraft:sheep":6,"minecraft:skeleton":1,"minecraft:chicken":2,"minecraft:cow":2},"minecraft:custom":{"minecraft:mob_kills":14,"minecraft:interact_with_crafting_table":11,"minecraft:time_since_death":1153,"minecraft:sleep_in_bed":3,"minecraft:time_since_rest":1208,"minecraft:sprint_one_cm":94667,"minecraft:damage_taken":1103,"minecraft:walk_one_cm":174173,"minecraft:drop":2,"minecraft:damage_dealt":1509,"minecraft:swim_one_cm":1709,"minecraft:fly_one_cm":177240,"minecraft:open_chest":4,"minecraft:crouch_one_cm":1026,"minecraft:play_time":57327,"minecraft:deaths":3,"minecraft:sneak_time":1241,"minecraft:walk_under_water_one_cm":419,"minecraft:jump":1004,"minecraft:walk_on_water_one_cm":3901,"minecraft:total_world_time":57327,"minecraft:fall_one_cm":26709},"minecraft:crafted":{"minecraft:oak_planks":16,"minecraft:stone_shovel":3,"minecraft:crafting_table":1,"minecraft:wooden_pickaxe":1,"minecraft:birch_planks":4,"minecraft:stone_axe":1,"minecraft:stick":12,"minecraft:stone_pickaxe":1,"minecraft:stone_sword":1,"minecraft:white_bed":1,"minecraft:gray_bed":1},"minecraft:picked_up":{"minecraft:birch_log":1,"minecraft:crafting_table":2,"minecraft:feather":4,"minecraft:chicken":2,"minecraft:leather_leggings":1,"minecraft:golden_pickaxe":1,"minecraft:leather":4,"minecraft:wooden_pickaxe":1,"minecraft:potato":11,"minecraft:flint":3,"minecraft:oak_log":26,"minecraft:cornflower":32,"minecraft:dirt":669,"minecraft:bone":2,"minecraft:apple":5,"minecraft:wheat_seeds":57,"minecraft:stone_pickaxe":1,"minecraft:beef":4,"minecraft:gray_bed":3,"minecraft:sugar_cane":4,"minecraft:oak_planks":1,"minecraft:egg":1,"minecraft:stick":7,"minecraft:dandelion":122,"minecraft:porkchop":2,"minecraft:golden_axe":1,"minecraft:leather_helmet":1,"minecraft:stone_sword":1,"minecraft:stone_shovel":1,"minecraft:stone_axe":1,"minecraft:hay_block":18,"minecraft:bread":5,"minecraft:gray_wool":3,"minecraft:emerald":5,"minecraft:oak_sapling":1,"minecraft:mutton":8,"minecraft:white_wool":3,"minecraft:cobblestone":24},"minecraft:killed_by":{"minecraft:skeleton":1},"minecraft:broken":{"minecraft:stone_shovel":3}},"DataVersion":3218}