{"stats":{"minecraft:broken":{"minecraft:stone_pickaxe":1,"minecraft:stone_axe":1,"minecraft:iron_pickaxe":1,"minecraft:stone_shovel":8},"minecraft:killed_by":{"minecraft:skeleton":3,"minecraft:creeper":1},"minecraft:mined":{"minecraft:dandelion":96,"minecraft:cornflower":13,"minecraft:crafting_table":2,"minecraft:grass_block":984,"minecraft:tall_grass":36,"minecraft:cobblestone":1,"minecraft:oak_planks":12,"minecraft:sugar_cane":1,"minecraft:hay_block":9,"minecraft:birch_log":38,"minecraft:fire":8,"minecraft:gray_bed":3,"minecraft:grass":404,"minecraft:oak_log":151,"minecraft:coal_ore":26,"minecraft:oak_sign":2,"minecraft:dirt":268,"minecraft:stone_bricks":44,"minecraft:stone":206,"minecraft:oak_leaves":12},"minecraft:dropped":{"minecraft:stone_shovel":1,"minecraft:white_bed":1,"minecraft:oak_sapling":1,"minecraft:dandelion":2},"minecraft:custom":{"minecraft:interact_with_furnace":67,"minecraft:mob_kills":20,"minecraft:play_record":5,"minecraft:interact_with_crafting_table":52,"minecraft:leave_game":2,"minecraft:time_since_death":100171,"minecraft:sleep_in_bed":15,"minecraft:time_since_rest":8191,"minecraft:sprint_one_cm":296129,"minecraft:damage_taken":2599,"minecraft:walk_one_cm":645893,"minecraft:drop":5,"minecraft:damage_dealt":2923,"minecraft:swim_one_cm":1709,"minecraft:player_kills":1,"minecraft:fly_one_cm":664867,"minecraft:open_chest":20,"minecraft:crouch_one_cm":3186,"minecraft:play_time":201010,"minecraft:sneak_time":2511,"minecraft:deaths":6,"minecraft:walk_under_water_one_cm":419,"minecraft:jump":3259,"minecraft:walk_on_water_one_cm":4182,"minecraft:total_world_time":201010,"minecraft:fall_one_cm":64105},"minecraft:used":{"minecraft:music_disc_far":2,"minecraft:leather_leggings":1,"minecraft:stone_sword":215,"minecraft:diamond_boots":1,"minecraft:stone_pickaxe":263,"minecraft:stone_shovel":1248,"minecraft:oak_planks":12,"minecraft:oak_sign":2,"minecraft:wooden_pickaxe":5,"minecraft:diamond_axe":144,"minecraft:mutton":8,"minecraft:dirt":1265,"minecraft:music_disc_cat":1,"minecraft:crafting_table":5,"minecraft:diamond_helmet":1,"minecraft:music_disc_13":1,"minecraft:apple":5,"minecraft:chicken":2,"minecraft:bread":21,"minecraft:iron_pickaxe":13,"minecraft:leather_helmet":1,"minecraft:music_disc_blocks":1,"minecraft:diamond_chestplate":1,"minecraft:stone_bricks":483,"minecraft:stone_axe":116,"minecraft:diamond_sword":5,"minecraft:cobblestone":1,"minecraft:beef":4,"minecraft:furnace":3,"minecraft:porkchop":2,"minecraft:gray_bed":5,"minecraft:birch_log":1,"minecraft:egg":1,"minecraft:diamond_leggings":1},"minecraft:picked_up":{"minecraft:birch_log":38,"minecraft:crafting_table":2,"minecraft:feather":4,"minecraft:chicken":2,"minecraft:golden_pickaxe":1,"minecraft:leather_leggings":1,"minecraft:leather":4,"minecraft:wooden_pickaxe":1,"minecraft:potato":11,"minecraft:flint":3,"minecraft:oak_log":165,"minecraft:music_disc_cat":2,"minecraft:dirt":1736,"minecraft:cornflower":40,"minecraft:string":1,"minecraft:bone":2,"minecraft:oak_sign":2,"minecraft:apple":10,"minecraft:stone_bricks":43,"minecraft:wheat_seeds":89,"minecraft:stone_pickaxe":1,"minecraft:beef":4,"minecraft:music_disc_far":1,"minecraft:gray_bed":3,"minecraft:sugar_cane":4,"minecraft:birch_sapling":8,"minecraft:oak_planks":12,"minecraft:egg":2,"minecraft:stick":42,"minecraft:raw_iron":3,"minecraft:music_disc_blocks":2,"minecraft:dandelion":190,"minecraft:porkchop":2,"minecraft:golden_axe":1,"minecraft:leather_helmet":1,"minecraft:stone_sword":1,"minecraft:stone_shovel":1,"minecraft:rotten_flesh":3,"minecraft:stone_axe":1,"minecraft:hay_block":18,"minecraft:gray_wool":3,"minecraft:bread":5,"minecraft:emerald":5,"minecraft:oak_sapling":53,"minecraft:mutton":8,"minecraft:coal":26,"minecraft:white_wool":3,"minecraft:cobblestone":207},"minecraft:killed":{"minecraft:pig":1,"minecraft:zombie_villager":1,"minecraft:spider":3,"minecraft:skeleton":2,"minecraft:sheep":6,"minecraft:zombie":2,"minecraft:chicken":2,"minecraft:cow":2},"minecraft:crafted":{"minecraft:oak_planks":60,"minecraft:diamond_sword":1,"minecraft:stone_shovel":10,"minecraft:oak_sign":3,"minecraft:diamond_axe":1,"minecraft:crafting_table":2,"minecraft:wooden_pickaxe":1,"minecraft:furnace":2,"minecraft:stone":440,"minecraft:birch_planks":4,"minecraft:stone_axe":1,"minecraft:air":0,"minecraft:diamond_helmet":1,"minecraft:diamond_leggings":1,"minecraft:stick":20,"minecraft:stone_pickaxe":3,"minecraft:stone_sword":1,"minecraft:diamond_boots":1,"minecraft:white_bed":1,"minecraft:stone_bricks":440,"minecraft:gray_bed":1,"minecraft:diamond_chestplate":1}},"DataVersion":3218}