{"stats":{"minecraft:mined":{"minecraft:birch_log":1,"minecraft:fire":8,"minecraft:cornflower":1,"minecraft:crafting_table":1,"minecraft:grass":4,"minecraft:grass_block":15,"minecraft:oak_log":3,"minecraft:dirt":5,"minecraft:tall_grass":2,"minecraft:stone":17},"minecraft:dropped":{"minecraft:oak_sapling":1},"minecraft:used":{"minecraft:stone_sword":22,"minecraft:stone_shovel":15,"minecraft:chicken":2,"minecraft:stone_pickaxe":14,"minecraft:wooden_pickaxe":5,"minecraft:stone_axe":3,"minecraft:dirt":26,"minecraft:beef":1,"minecraft:crafting_table":1,"minecraft:porkchop":2,"minecraft:egg":1},"minecraft:killed":{"minecraft:sheep":6,"minecraft:pig":1,"minecraft:chicken":2,"minecraft:cow":2},"minecraft:crafted":{"minecraft:oak_planks":8,"minecraft:stone_shovel":1,"minecraft:crafting_table":1,"minecraft:stick":8,"minecraft:wooden_pickaxe":1,"minecraft:stone_pickaxe":1,"minecraft:stone_sword":1,"minecraft:birch_planks":4,"minecraft:stone_axe":1},"minecraft:picked_up":{"minecraft:birch_log":1,"minecraft:stick":4,"minecraft:crafting_table":1,"minecraft:feather":2,"minecraft:chicken":2,"minecraft:leather":1,"minecraft:porkchop":2,"minecraft:oak_log":2,"minecraft:cornflower":1,"minecraft:dirt":36,"minecraft:beef":4,"minecraft:gray_wool":3,"minecraft:oak_sapling":1,"minecraft:mutton":8,"minecraft:white_wool":3,"minecraft:cobblestone":17,"minecraft:egg":1},"minecraft:custom":{"minecraft:time_since_rest":11421,"minecraft:sprint_one_cm":18601,"minecraft:damage_taken":515,"minecraft:walk_one_cm":40253,"minecraft:mob_kills":11,"minecraft:drop":1,"minecraft:damage_dealt":961,"minecraft:interact_with_crafting_table":5,"minecraft:fly_one_cm":55833,"minecraft:crouch_one_cm":463,"minecraft:play_time":15327,"minecraft:deaths":1,"minecraft:sneak_time":923,"minecraft:walk_under_water_one_cm":111,"minecraft:jump":319,"minecraft:walk_on_water_one_cm":2586,"minecraft:time_since_death":11382,"minecraft:total_world_time":15327,"minecraft:fall_one_cm":11148}},"DataVersion":3218}