{"stats":{"minecraft:mined":{"minecraft:oak_log":1},"minecraft:used":{"minecraft:crafting_table":1},"minecraft:crafted":{"minecraft:crafting_table":1,"minecraft:oak_planks":4},"minecraft:picked_up":{"minecraft:stick":2,"minecraft:oak_log":1},"minecraft:custom":{"minecraft:jump":10,"minecraft:time_since_rest":3327,"minecraft:sprint_one_cm":568,"minecraft:play_time":3327,"minecraft:damage_taken":210,"minecraft:time_since_death":3327,"minecraft:walk_one_cm":2831,"minecraft:sneak_time":138,"minecraft:total_world_time":3327,"minecraft:interact_with_crafting_table":1,"minecraft:fall_one_cm":2823,"minecraft:fly_one_cm":1723}},"DataVersion":3218}