{"stats":{"minecraft:mined":{"minecraft:white_bed":1,"minecraft:dandelion":9,"minecraft:grass":26,"minecraft:grass_block":99,"minecraft:dirt_path":2,"minecraft:dirt":71,"minecraft:tall_grass":12,"minecraft:oak_planks":1},"minecraft:used":{"minecraft:stone_shovel":153,"minecraft:oak_planks":6,"minecraft:dirt":163,"minecraft:cobblestone":11,"minecraft:white_bed":4,"minecraft:dandelion":73},"minecraft:picked_up":{"minecraft:dandelion":90,"minecraft:white_bed":4,"minecraft:dirt":163,"minecraft:stone_shovel":1,"minecraft:rotten_flesh":2,"minecraft:diamond":1,"minecraft:wheat_seeds":21,"minecraft:oak_planks":1,"minecraft:cobblestone":4},"minecraft:crafted":{"minecraft:oak_planks":12,"minecraft:stone_shovel":1,"minecraft:stick":4},"minecraft:custom":{"minecraft:time_since_rest":5489,"minecraft:sprint_one_cm":89413,"minecraft:damage_taken":1799,"minecraft:walk_one_cm":165462,"minecraft:mob_kills":1,"minecraft:damage_dealt":217,"minecraft:interact_with_crafting_table":1,"minecraft:fly_one_cm":96725,"minecraft:player_kills":1,"minecraft:open_chest":2,"minecraft:crouch_one_cm":138,"minecraft:play_time":30346,"minecraft:sneak_time":35,"minecraft:deaths":6,"minecraft:jump":793,"minecraft:leave_game":1,"minecraft:time_since_death":5451,"minecraft:sleep_in_bed":7,"minecraft:total_world_time":30346,"minecraft:fall_one_cm":35078},"minecraft:killed_by":{"minecraft:player":3,"minecraft:skeleton":1},"minecraft:broken":{"minecraft:stone_shovel":1}},"DataVersion":3218}