{"stats":{"minecraft:mined":{"minecraft:grass":15,"minecraft:grass_block":3,"minecraft:white_bed":1,"minecraft:tall_grass":11,"minecraft:dandelion":7},"minecraft:used":{"minecraft:white_bed":3,"minecraft:dandelion":6},"minecraft:picked_up":{"minecraft:wheat_seeds":2,"minecraft:dandelion":7,"minecraft:white_bed":4,"minecraft:dirt":3},"minecraft:custom":{"minecraft:time_since_rest":415,"minecraft:crouch_one_cm":31,"minecraft:play_time":7180,"minecraft:sprint_one_cm":40348,"minecraft:walk_one_cm":17223,"minecraft:damage_taken":1174,"minecraft:deaths":4,"minecraft:sneak_time":23,"minecraft:jump":246,"minecraft:damage_dealt":58,"minecraft:time_since_death":379,"minecraft:sleep_in_bed":7,"minecraft:total_world_time":7180,"minecraft:fall_one_cm":16911,"minecraft:fly_one_cm":29511},"minecraft:killed_by":{"minecraft:player":2}},"DataVersion":3218}