{"stats":{"minecraft:mined":{"minecraft:grass":25,"minecraft:dirt_path":2,"minecraft:grass_block":83,"minecraft:white_bed":1,"minecraft:dirt":68,"minecraft:tall_grass":12,"minecraft:dandelion":9},"minecraft:used":{"minecraft:dirt":42,"minecraft:stone_shovel":129,"minecraft:white_bed":4,"minecraft:dandelion":6},"minecraft:picked_up":{"minecraft:stone_shovel":1,"minecraft:diamond":1,"minecraft:wheat_seeds":5,"minecraft:dandelion":10,"minecraft:white_bed":4,"minecraft:dirt":143},"minecraft:crafted":{"minecraft:oak_planks":12,"minecraft:stone_shovel":1,"minecraft:stick":4},"minecraft:custom":{"minecraft:open_chest":2,"minecraft:time_since_rest":10574,"minecraft:crouch_one_cm":31,"minecraft:play_time":19180,"minecraft:sprint_one_cm":74239,"minecraft:walk_one_cm":82297,"minecraft:damage_taken":1514,"minecraft:deaths":5,"minecraft:sneak_time":23,"minecraft:mob_kills":1,"minecraft:jump":590,"minecraft:damage_dealt":176,"minecraft:time_since_death":10540,"minecraft:sleep_in_bed":7,"minecraft:total_world_time":19180,"minecraft:interact_with_crafting_table":1,"minecraft:player_kills":1,"minecraft:fall_one_cm":28425,"minecraft:fly_one_cm":75504},"minecraft:killed_by":{"minecraft:skeleton":1,"minecraft:player":2},"minecraft:broken":{"minecraft:stone_shovel":1}},"DataVersion":3218}