{"stats":{"minecraft:mined":{"minecraft:white_bed":1,"minecraft:glass_pane":1,"minecraft:dandelion":2,"minecraft:grass_block":263,"minecraft:tall_grass":2,"minecraft:cobblestone":1,"minecraft:hay_block":4,"minecraft:iron_ore":1,"minecraft:pumpkin":1,"minecraft:yellow_bed":2,"minecraft:grass":18,"minecraft:oak_log":104,"minecraft:coal_ore":5,"minecraft:dirt":361,"minecraft:stone":233,"minecraft:oak_leaves":2},"minecraft:dropped":{"minecraft:oak_log":13,"minecraft:stick":4,"minecraft:dirt":192,"minecraft:gray_bed":1},"minecraft:used":{"minecraft:iron_shovel":331,"minecraft:stone_shovel":270,"minecraft:stone_pickaxe":72,"minecraft:oak_planks":10,"minecraft:chest":2,"minecraft:wooden_pickaxe":18,"minecraft:dirt":65,"minecraft:mutton":1,"minecraft:crafting_table":2,"minecraft:white_bed":3,"minecraft:wooden_axe":4,"minecraft:apple":1,"minecraft:iron_pickaxe":199,"mcwfurnitures:dark_oak_modern_chair":1,"securitycraft:mine":1,"minecraft:stone_axe":81,"mcwfurnitures:acacia_wardrobe":1,"minecraft:yellow_bed":2,"minecraft:egg":1,"minecraft:cooked_beef":7},"minecraft:killed":{"minecraft:pig":1,"minecraft:sheep":1,"minecraft:zombie":1},"minecraft:picked_up":{"minecraft:oak_log":102,"minecraft:yellow_bed":2,"minecraft:dirt":601,"minecraft:apple":1,"minecraft:wheat_seeds":8,"minecraft:gray_bed":1,"minecraft:egg":1,"minecraft:stick":17,"minecraft:raw_iron":1,"minecraft:pumpkin":1,"minecraft:dandelion":21,"minecraft:porkchop":1,"minecraft:white_bed":2,"minecraft:beetroot_seeds":1,"minecraft:hay_block":4,"minecraft:oak_sapling":34,"minecraft:mutton":1,"minecraft:coal":5,"minecraft:white_wool":1,"minecraft:cobblestone":234},"minecraft:custom":{"minecraft:mob_kills":3,"minecraft:interact_with_crafting_table":6,"minecraft:interact_with_stonecutter":1,"minecraft:leave_game":3,"minecraft:time_since_death":30325,"minecraft:sleep_in_bed":7,"minecraft:climb_one_cm":1176,"minecraft:time_since_rest":787,"minecraft:sprint_one_cm":102158,"minecraft:damage_taken":830,"minecraft:walk_one_cm":296677,"minecraft:drop":18,"minecraft:damage_dealt":416,"minecraft:talked_to_villager":1,"minecraft:swim_one_cm":2593,"minecraft:fly_one_cm":151679,"minecraft:open_chest":4,"minecraft:crouch_one_cm":2790,"minecraft:play_time":95713,"minecraft:deaths":1,"minecraft:sneak_time":1086,"minecraft:walk_under_water_one_cm":1998,"minecraft:jump":1274,"minecraft:walk_on_water_one_cm":3730,"minecraft:total_world_time":95713,"minecraft:fall_one_cm":32087},"minecraft:crafted":{"minecraft:oak_planks":230,"minecraft:stone_shovel":2,"minecraft:crafting_table":2,"minecraft:wooden_pickaxe":1,"minecraft:stone_axe":1,"minecraft:stick":4,"minecraft:stone_pickaxe":1,"minecraft:wooden_axe":1,"minecraft:chest":2},"minecraft:killed_by":{"minecraft:skeleton":1},"minecraft:broken":{"minecraft:iron_shovel":1,"minecraft:stone_shovel":2}},"DataVersion":3218}