{"stats":{"minecraft:custom":{"minecraft:interact_with_furnace":1,"minecraft:mob_kills":4,"minecraft:play_record":19,"minecraft:interact_with_crafting_table":10,"minecraft:interact_with_stonecutter":1,"minecraft:leave_game":6,"minecraft:time_since_death":2312,"minecraft:sleep_in_bed":16,"minecraft:climb_one_cm":1176,"minecraft:time_since_rest":2394,"minecraft:sprint_one_cm":342081,"minecraft:damage_taken":3002,"minecraft:walk_one_cm":984537,"minecraft:drop":47,"minecraft:damage_dealt":920,"minecraft:player_kills":1,"minecraft:swim_one_cm":2593,"minecraft:talked_to_villager":1,"minecraft:fly_one_cm":505162,"minecraft:open_chest":26,"minecraft:play_time":301555,"minecraft:crouch_one_cm":81192,"minecraft:deaths":4,"minecraft:sneak_time":18575,"minecraft:walk_under_water_one_cm":1998,"minecraft:jump":3142,"minecraft:walk_on_water_one_cm":3730,"minecraft:total_world_time":301555,"minecraft:fall_one_cm":68249},"minecraft:picked_up":{"minecraft:music_disc_5":1,"minecraft:music_disc_strad":1,"minecraft:coarse_dirt":11,"minecraft:music_disc_stal":1,"minecraft:oak_log":257,"minecraft:stone_brick_stairs":3,"minecraft:yellow_bed":2,"minecraft:music_disc_cat":3,"minecraft:dirt":1419,"minecraft:bone":3,"minecraft:apple":4,"minecraft:stone_bricks":31,"minecraft:wheat_seeds":49,"minecraft:music_disc_otherside":1,"minecraft:music_disc_far":2,"minecraft:gray_bed":1,"minecraft:birch_sapling":1,"minecraft:oak_planks":256,"minecraft:music_disc_chirp":1,"minecraft:egg":1,"minecraft:stick":56,"minecraft:raw_iron":6,"minecraft:music_disc_blocks":4,"minecraft:pumpkin":1,"minecraft:music_disc_13":11,"minecraft:music_disc_mellohi":1,"minecraft:dandelion":152,"minecraft:gravel":4,"minecraft:porkchop":1,"minecraft:music_disc_pigstep":2,"minecraft:white_bed":5,"minecraft:music_disc_mall":1,"minecraft:arrow":4,"minecraft:beetroot_seeds":1,"minecraft:peony":2,"minecraft:music_disc_ward":1,"minecraft:hay_block":4,"minecraft:emerald":1,"minecraft:oak_sapling":86,"minecraft:music_disc_wait":2,"minecraft:mutton":1,"minecraft:coal":14,"minecraft:white_wool":1,"minecraft:cobblestone":616},"minecraft:crafted":{"minecraft:oak_planks":730,"minecraft:stone_shovel":2,"minecraft:crafting_table":3,"minecraft:wooden_pickaxe":1,"minecraft:stone_axe":1,"minecraft:stick":4,"minecraft:oak_stairs":34,"minecraft:stone_pickaxe":1,"minecraft:wooden_axe":1,"minecraft:chest":4},"minecraft:dropped":{"minecraft:gravel":2,"minecraft:music_disc_chirp":1,"minecraft:cooked_beef":36,"minecraft:oak_log":13,"minecraft:music_disc_otherside":1,"minecraft:raw_iron":5,"minecraft:music_disc_5":1,"minecraft:cobblestone":21,"minecraft:music_disc_far":1,"minecraft:music_disc_pigstep":1,"minecraft:coal":5,"minecraft:music_disc_13":1,"minecraft:stick":4,"minecraft:dirt":280,"minecraft:gray_bed":1,"minecraft:music_disc_mall":1,"minecraft:music_disc_strad":1,"minecraft:stone_bricks":85,"minecraft:music_disc_ward":1,"minecraft:music_disc_wait":1,"minecraft:music_disc_mellohi":1,"minecraft:music_disc_stal":1,"minecraft:music_disc_cat":1,"minecraft:dandelion":47,"minecraft:music_disc_blocks":1},"minecraft:broken":{"minecraft:iron_shovel":2,"minecraft:iron_pickaxe":1,"minecraft:stone_shovel":2},"minecraft:killed_by":{"minecraft:player":1,"minecraft:skeleton":1,"minecraft:creeper":2},"minecraft:mined":{"minecraft:white_bed":2,"minecraft:glass_pane":1,"minecraft:dandelion":24,"minecraft:emerald_ore":1,"minecraft:grass_block":706,"minecraft:tall_grass":6,"minecraft:cobblestone":3,"minecraft:oak_planks":57,"minecraft:hay_block":4,"minecraft:coarse_dirt":10,"mcpaint:canvas_grass":3,"minecraft:iron_ore":7,"minecraft:pumpkin":1,"minecraft:yellow_bed":2,"minecraft:stone_brick_stairs":3,"minecraft:grass":40,"minecraft:coal_ore":8,"minecraft:oak_log":231,"minecraft:gravel":2,"minecraft:dirt":477,"minecraft:stone_bricks":7,"minecraft:stone":594,"minecraft:oak_leaves":7},"minecraft:killed":{"minecraft:pig":1,"minecraft:sheep":1,"minecraft:zombie":2},"minecraft:used":{"minecraft:iron_shovel":879,"minecraft:stone_pickaxe":72,"minecraft:stone_shovel":270,"minecraft:oak_planks":344,"minecraft:chest":6,"minecraft:wooden_pickaxe":18,"minecraft:iron_sword":18,"minecraft:torch":26,"minecraft:mutton":1,"minecraft:dirt":1434,"minecraft:music_disc_cat":3,"minecraft:crafting_table":3,"minecraft:white_bed":7,"minecraft:music_disc_13":9,"minecraft:wooden_axe":4,"minecraft:apple":1,"minecraft:iron_axe":203,"minecraft:music_disc_pigstep":1,"minecraft:oak_stairs":10,"securitycraft:reinforced_polished_diorite_stairs":1,"minecraft:iron_pickaxe":590,"securitycraft:mine":1,"mcwfurnitures:dark_oak_modern_chair":1,"minecraft:music_disc_wait":1,"minecraft:stone_brick_stairs":27,"mcwfurnitures:acacia_wardrobe":1,"minecraft:music_disc_blocks":5,"minecraft:stone_axe":88,"minecraft:stone_bricks":453,"minecraft:cobblestone":11,"minecraft:egg":1,"minecraft:yellow_bed":2,"minecraft:coarse_dirt":57,"minecraft:cooked_beef":24,"minecraft:jukebox":5}},"DataVersion":3218}