{"stats":{"minecraft:mined":{"minecraft:white_bed":2,"minecraft:glass_pane":1,"minecraft:dandelion":5,"minecraft:emerald_ore":1,"minecraft:grass_block":316,"minecraft:tall_grass":4,"minecraft:cobblestone":1,"minecraft:hay_block":4,"mcpaint:canvas_grass":3,"minecraft:iron_ore":4,"minecraft:pumpkin":1,"minecraft:yellow_bed":2,"minecraft:grass":23,"minecraft:oak_log":104,"minecraft:coal_ore":8,"minecraft:gravel":2,"minecraft:dirt":453,"minecraft:stone":442,"minecraft:oak_leaves":2},"minecraft:dropped":{"minecraft:gravel":2,"minecraft:music_disc_chirp":1,"minecraft:cooked_beef":36,"minecraft:oak_log":13,"minecraft:music_disc_otherside":1,"minecraft:raw_iron":3,"minecraft:music_disc_5":1,"minecraft:music_disc_far":1,"minecraft:music_disc_pigstep":1,"minecraft:coal":5,"minecraft:music_disc_13":1,"minecraft:stick":4,"minecraft:dirt":257,"minecraft:gray_bed":1,"minecraft:music_disc_mall":1,"minecraft:music_disc_strad":1,"minecraft:stone_bricks":85,"minecraft:music_disc_ward":1,"minecraft:music_disc_wait":1,"minecraft:music_disc_mellohi":1,"minecraft:music_disc_stal":1,"minecraft:music_disc_cat":1,"minecraft:dandelion":47,"minecraft:music_disc_blocks":1},"minecraft:used":{"minecraft:iron_shovel":453,"minecraft:stone_shovel":270,"minecraft:stone_pickaxe":72,"minecraft:oak_planks":11,"minecraft:chest":6,"minecraft:wooden_pickaxe":18,"minecraft:iron_sword":5,"minecraft:dirt":1141,"minecraft:mutton":1,"minecraft:crafting_table":2,"minecraft:white_bed":6,"minecraft:music_disc_13":5,"minecraft:wooden_axe":4,"minecraft:apple":1,"minecraft:iron_pickaxe":420,"mcwfurnitures:dark_oak_modern_chair":1,"minecraft:stone_bricks":44,"securitycraft:mine":1,"minecraft:stone_axe":88,"mcwfurnitures:acacia_wardrobe":1,"minecraft:yellow_bed":2,"minecraft:egg":1,"minecraft:cooked_beef":13,"minecraft:jukebox":5},"minecraft:killed":{"minecraft:pig":1,"minecraft:sheep":1,"minecraft:zombie":2},"minecraft:custom":{"minecraft:mob_kills":4,"minecraft:play_record":5,"minecraft:interact_with_crafting_table":8,"minecraft:interact_with_stonecutter":1,"minecraft:leave_game":3,"minecraft:time_since_death":30471,"minecraft:sleep_in_bed":13,"minecraft:climb_one_cm":1176,"minecraft:time_since_rest":30496,"minecraft:sprint_one_cm":193305,"minecraft:damage_taken":1892,"minecraft:walk_one_cm":583237,"minecraft:drop":42,"minecraft:damage_dealt":748,"minecraft:talked_to_villager":1,"minecraft:swim_one_cm":2593,"minecraft:fly_one_cm":323884,"minecraft:player_kills":1,"minecraft:open_chest":8,"minecraft:crouch_one_cm":42096,"minecraft:play_time":179713,"minecraft:deaths":3,"minecraft:sneak_time":8954,"minecraft:walk_under_water_one_cm":1998,"minecraft:jump":2018,"minecraft:walk_on_water_one_cm":3730,"minecraft:total_world_time":179713,"minecraft:fall_one_cm":45348},"minecraft:crafted":{"minecraft:oak_planks":230,"minecraft:stone_shovel":2,"minecraft:crafting_table":2,"minecraft:wooden_pickaxe":1,"minecraft:stone_axe":1,"minecraft:stick":4,"minecraft:stone_pickaxe":1,"minecraft:wooden_axe":1,"minecraft:chest":4},"minecraft:picked_up":{"minecraft:music_disc_5":1,"minecraft:music_disc_strad":1,"minecraft:music_disc_stal":1,"minecraft:oak_log":131,"minecraft:yellow_bed":2,"minecraft:music_disc_cat":1,"minecraft:dirt":1006,"minecraft:bone":3,"minecraft:stone_bricks":22,"minecraft:apple":1,"minecraft:wheat_seeds":45,"minecraft:music_disc_otherside":1,"minecraft:music_disc_far":1,"minecraft:gray_bed":1,"minecraft:oak_planks":199,"minecraft:music_disc_chirp":1,"minecraft:egg":1,"minecraft:stick":17,"minecraft:raw_iron":3,"minecraft:music_disc_blocks":1,"minecraft:music_disc_13":5,"minecraft:pumpkin":1,"minecraft:music_disc_mellohi":1,"minecraft:dandelion":132,"minecraft:gravel":4,"minecraft:porkchop":1,"minecraft:music_disc_pigstep":1,"minecraft:white_bed":5,"minecraft:music_disc_mall":1,"minecraft:arrow":4,"minecraft:music_disc_ward":1,"minecraft:beetroot_seeds":1,"minecraft:hay_block":4,"minecraft:emerald":1,"minecraft:oak_sapling":34,"minecraft:music_disc_wait":1,"minecraft:mutton":1,"minecraft:coal":14,"minecraft:white_wool":1,"minecraft:cobblestone":441},"minecraft:killed_by":{"minecraft:player":1,"minecraft:skeleton":1,"minecraft:creeper":1},"minecraft:broken":{"minecraft:iron_shovel":1,"minecraft:iron_pickaxe":1,"minecraft:stone_shovel":2}},"DataVersion":3218}