{"stats":{"minecraft:mined":{"minecraft:hay_block":4,"minecraft:white_bed":1,"minecraft:glass_pane":1,"minecraft:dandelion":2,"minecraft:pumpkin":1,"minecraft:yellow_bed":2,"minecraft:coal_ore":5,"minecraft:grass":17,"minecraft:grass_block":179,"minecraft:oak_log":104,"minecraft:dirt":196,"minecraft:cobblestone":1,"minecraft:stone":88,"minecraft:oak_leaves":2},"minecraft:dropped":{"minecraft:dirt":192,"minecraft:oak_log":13,"minecraft:gray_bed":1,"minecraft:stick":4},"minecraft:used":{"minecraft:wooden_axe":4,"minecraft:apple":1,"minecraft:iron_shovel":80,"minecraft:stone_shovel":270,"minecraft:stone_pickaxe":72,"minecraft:iron_pickaxe":53,"minecraft:oak_planks":9,"mcwfurnitures:dark_oak_modern_chair":1,"minecraft:wooden_pickaxe":18,"securitycraft:mine":1,"minecraft:stone_axe":81,"mcwfurnitures:acacia_wardrobe":1,"minecraft:dirt":36,"minecraft:mutton":1,"minecraft:crafting_table":2,"minecraft:yellow_bed":2,"minecraft:white_bed":3,"minecraft:egg":1,"minecraft:cooked_beef":6},"minecraft:killed":{"minecraft:sheep":1,"minecraft:zombie":1,"minecraft:pig":1},"minecraft:crafted":{"minecraft:oak_planks":230,"minecraft:stone_shovel":2,"minecraft:crafting_table":2,"minecraft:stick":4,"minecraft:wooden_pickaxe":1,"minecraft:stone_pickaxe":1,"minecraft:wooden_axe":1,"minecraft:stone_axe":1},"minecraft:picked_up":{"minecraft:stick":17,"minecraft:pumpkin":1,"minecraft:dandelion":20,"minecraft:porkchop":1,"minecraft:oak_log":102,"minecraft:yellow_bed":2,"minecraft:white_bed":2,"minecraft:dirt":367,"minecraft:apple":1,"minecraft:beetroot_seeds":1,"minecraft:wheat_seeds":4,"minecraft:hay_block":4,"minecraft:oak_sapling":34,"minecraft:gray_bed":1,"minecraft:mutton":1,"minecraft:coal":5,"minecraft:white_wool":1,"minecraft:cobblestone":89,"minecraft:egg":1},"minecraft:custom":{"minecraft:time_since_rest":3013,"minecraft:sprint_one_cm":96192,"minecraft:damage_taken":710,"minecraft:walk_one_cm":258505,"minecraft:mob_kills":3,"minecraft:drop":18,"minecraft:damage_dealt":416,"minecraft:interact_with_crafting_table":5,"minecraft:swim_one_cm":2593,"minecraft:talked_to_villager":1,"minecraft:fly_one_cm":149597,"minecraft:open_chest":3,"minecraft:crouch_one_cm":817,"minecraft:play_time":83713,"minecraft:deaths":1,"minecraft:sneak_time":492,"minecraft:walk_under_water_one_cm":1998,"minecraft:jump":1207,"minecraft:interact_with_stonecutter":1,"minecraft:leave_game":3,"minecraft:time_since_death":18325,"minecraft:walk_on_water_one_cm":3730,"minecraft:sleep_in_bed":6,"minecraft:climb_one_cm":1176,"minecraft:total_world_time":83713,"minecraft:fall_one_cm":30291},"minecraft:killed_by":{"minecraft:skeleton":1},"minecraft:broken":{"minecraft:stone_shovel":2}},"DataVersion":3218}