{"stats":{"minecraft:mined":{"minecraft:hay_block":4,"minecraft:white_bed":1,"minecraft:pumpkin":1,"minecraft:grass":9,"minecraft:grass_block":18,"minecraft:oak_log":37,"minecraft:dirt":5,"minecraft:stone":13,"minecraft:oak_leaves":2},"minecraft:dropped":{"minecraft:oak_log":13,"minecraft:gray_bed":1},"minecraft:used":{"minecraft:wooden_axe":4,"mcwfurnitures:dark_oak_modern_chair":1,"minecraft:wooden_pickaxe":18,"securitycraft:mine":1,"mcwfurnitures:acacia_wardrobe":1,"minecraft:dirt":4,"minecraft:mutton":1,"minecraft:crafting_table":1,"minecraft:white_bed":2,"minecraft:egg":1,"minecraft:cooked_beef":5},"minecraft:killed":{"minecraft:sheep":1,"minecraft:pig":1},"minecraft:crafted":{"minecraft:oak_planks":10,"minecraft:crafting_table":1,"minecraft:stick":4,"minecraft:wooden_pickaxe":1,"minecraft:wooden_axe":1},"minecraft:picked_up":{"minecraft:stick":5,"minecraft:pumpkin":1,"minecraft:dandelion":2,"minecraft:porkchop":1,"minecraft:oak_log":38,"minecraft:white_bed":2,"minecraft:dirt":21,"minecraft:beetroot_seeds":1,"minecraft:wheat_seeds":2,"minecraft:hay_block":4,"minecraft:oak_sapling":10,"minecraft:gray_bed":1,"minecraft:mutton":1,"minecraft:white_wool":1,"minecraft:cobblestone":13,"minecraft:egg":1},"minecraft:custom":{"minecraft:time_since_rest":10294,"minecraft:sprint_one_cm":77000,"minecraft:damage_taken":355,"minecraft:walk_one_cm":143273,"minecraft:mob_kills":2,"minecraft:drop":14,"minecraft:damage_dealt":142,"minecraft:interact_with_crafting_table":2,"minecraft:swim_one_cm":2593,"minecraft:talked_to_villager":1,"minecraft:fly_one_cm":122974,"minecraft:open_chest":3,"minecraft:crouch_one_cm":524,"minecraft:play_time":59713,"minecraft:sneak_time":426,"minecraft:walk_under_water_one_cm":1998,"minecraft:jump":934,"minecraft:interact_with_stonecutter":1,"minecraft:leave_game":3,"minecraft:time_since_death":59713,"minecraft:walk_on_water_one_cm":3730,"minecraft:sleep_in_bed":3,"minecraft:climb_one_cm":1176,"minecraft:total_world_time":59713,"minecraft:fall_one_cm":25742}},"DataVersion":3218}