{"stats":{"minecraft:mined":{"minecraft:white_bed":2,"minecraft:glass_pane":1,"minecraft:dandelion":5,"minecraft:emerald_ore":1,"minecraft:grass_block":315,"minecraft:tall_grass":3,"minecraft:cobblestone":1,"minecraft:hay_block":4,"mcpaint:canvas_grass":3,"minecraft:iron_ore":4,"minecraft:pumpkin":1,"minecraft:yellow_bed":2,"minecraft:grass":22,"minecraft:oak_log":104,"minecraft:coal_ore":8,"minecraft:gravel":2,"minecraft:dirt":447,"minecraft:stone":394,"minecraft:oak_leaves":2},"minecraft:dropped":{"minecraft:gravel":2,"minecraft:oak_log":13,"minecraft:coal":5,"minecraft:stick":4,"minecraft:dirt":257,"minecraft:gray_bed":1,"minecraft:dandelion":36},"minecraft:used":{"minecraft:iron_shovel":453,"minecraft:stone_shovel":270,"minecraft:stone_pickaxe":72,"minecraft:oak_planks":10,"minecraft:chest":4,"minecraft:wooden_pickaxe":18,"minecraft:iron_sword":5,"minecraft:dirt":1066,"minecraft:mutton":1,"minecraft:crafting_table":2,"minecraft:white_bed":6,"minecraft:wooden_axe":4,"minecraft:apple":1,"minecraft:iron_pickaxe":372,"mcwfurnitures:dark_oak_modern_chair":1,"minecraft:stone_bricks":42,"securitycraft:mine":1,"minecraft:stone_axe":88,"mcwfurnitures:acacia_wardrobe":1,"minecraft:yellow_bed":2,"minecraft:egg":1,"minecraft:cooked_beef":11},"minecraft:killed":{"minecraft:pig":1,"minecraft:sheep":1,"minecraft:zombie":2},"minecraft:picked_up":{"minecraft:oak_log":131,"minecraft:yellow_bed":2,"minecraft:dirt":999,"minecraft:bone":1,"minecraft:apple":1,"minecraft:wheat_seeds":36,"minecraft:gray_bed":1,"minecraft:oak_planks":198,"minecraft:egg":1,"minecraft:stick":17,"minecraft:raw_iron":3,"minecraft:pumpkin":1,"minecraft:dandelion":119,"minecraft:gravel":4,"minecraft:porkchop":1,"minecraft:white_bed":5,"minecraft:arrow":2,"minecraft:beetroot_seeds":1,"minecraft:hay_block":4,"minecraft:emerald":1,"minecraft:oak_sapling":34,"minecraft:mutton":1,"minecraft:coal":14,"minecraft:white_wool":1,"minecraft:cobblestone":403},"minecraft:custom":{"minecraft:mob_kills":4,"minecraft:interact_with_crafting_table":8,"minecraft:interact_with_stonecutter":1,"minecraft:leave_game":3,"minecraft:time_since_death":6471,"minecraft:sleep_in_bed":13,"minecraft:climb_one_cm":1176,"minecraft:time_since_rest":6496,"minecraft:sprint_one_cm":168673,"minecraft:damage_taken":1782,"minecraft:walk_one_cm":528300,"minecraft:drop":23,"minecraft:damage_dealt":748,"minecraft:talked_to_villager":1,"minecraft:swim_one_cm":2593,"minecraft:fly_one_cm":260332,"minecraft:player_kills":1,"minecraft:open_chest":6,"minecraft:crouch_one_cm":37681,"minecraft:play_time":155713,"minecraft:deaths":3,"minecraft:sneak_time":7957,"minecraft:walk_under_water_one_cm":1998,"minecraft:jump":1788,"minecraft:walk_on_water_one_cm":3730,"minecraft:total_world_time":155713,"minecraft:fall_one_cm":41040},"minecraft:crafted":{"minecraft:oak_planks":230,"minecraft:stone_shovel":2,"minecraft:crafting_table":2,"minecraft:wooden_pickaxe":1,"minecraft:stone_axe":1,"minecraft:stick":4,"minecraft:stone_pickaxe":1,"minecraft:wooden_axe":1,"minecraft:chest":4},"minecraft:killed_by":{"minecraft:player":1,"minecraft:skeleton":1,"minecraft:creeper":1},"minecraft:broken":{"minecraft:iron_shovel":1,"minecraft:stone_shovel":2}},"DataVersion":3218}