{"stats":{"minecraft:mined":{"minecraft:grass":6,"minecraft:grass_block":2,"minecraft:oak_log":12,"minecraft:oak_leaves":2},"minecraft:used":{"securitycraft:mine":1,"mcwfurnitures:acacia_wardrobe":1,"minecraft:dirt":1,"mcwfurnitures:dark_oak_modern_chair":1,"minecraft:egg":1},"minecraft:killed":{"minecraft:sheep":1},"minecraft:picked_up":{"minecraft:stick":1,"minecraft:oak_log":13,"minecraft:oak_sapling":5,"minecraft:mutton":1,"minecraft:white_wool":1,"minecraft:dirt":1,"minecraft:egg":1},"minecraft:custom":{"minecraft:time_since_rest":17973,"minecraft:crouch_one_cm":206,"minecraft:sprint_one_cm":20697,"minecraft:play_time":17973,"minecraft:damage_taken":125,"minecraft:walk_one_cm":32759,"minecraft:sneak_time":110,"minecraft:walk_under_water_one_cm":1081,"minecraft:mob_kills":1,"minecraft:jump":266,"minecraft:damage_dealt":102,"minecraft:walk_on_water_one_cm":2313,"minecraft:leave_game":2,"minecraft:time_since_death":17973,"minecraft:total_world_time":17973,"minecraft:swim_one_cm":905,"minecraft:fall_one_cm":6389,"minecraft:fly_one_cm":43500}},"DataVersion":3218}