{"stats":{"minecraft:mined":{"minecraft:white_bed":1,"minecraft:glass_pane":1,"minecraft:dandelion":2,"minecraft:grass_block":312,"minecraft:tall_grass":2,"minecraft:cobblestone":1,"minecraft:hay_block":4,"minecraft:iron_ore":3,"minecraft:pumpkin":1,"minecraft:yellow_bed":2,"minecraft:grass":19,"minecraft:oak_log":104,"minecraft:coal_ore":6,"minecraft:gravel":2,"minecraft:dirt":434,"minecraft:stone":391,"minecraft:oak_leaves":2},"minecraft:dropped":{"minecraft:gravel":2,"minecraft:oak_log":13,"minecraft:coal":5,"minecraft:stick":4,"minecraft:dirt":193,"minecraft:gray_bed":1},"minecraft:used":{"minecraft:iron_shovel":449,"minecraft:stone_shovel":270,"minecraft:stone_pickaxe":72,"minecraft:oak_planks":10,"minecraft:chest":2,"minecraft:wooden_pickaxe":18,"minecraft:dirt":403,"minecraft:mutton":1,"minecraft:crafting_table":2,"minecraft:white_bed":3,"minecraft:wooden_axe":4,"minecraft:apple":1,"minecraft:iron_pickaxe":360,"mcwfurnitures:dark_oak_modern_chair":1,"securitycraft:mine":1,"minecraft:stone_axe":81,"mcwfurnitures:acacia_wardrobe":1,"minecraft:yellow_bed":2,"minecraft:egg":1,"minecraft:cooked_beef":9},"minecraft:killed":{"minecraft:pig":1,"minecraft:sheep":1,"minecraft:zombie":1},"minecraft:picked_up":{"minecraft:oak_log":102,"minecraft:yellow_bed":2,"minecraft:dirt":723,"minecraft:apple":1,"minecraft:wheat_seeds":10,"minecraft:gray_bed":1,"minecraft:egg":1,"minecraft:stick":17,"minecraft:raw_iron":2,"minecraft:pumpkin":1,"minecraft:dandelion":22,"minecraft:gravel":4,"minecraft:porkchop":1,"minecraft:white_bed":2,"minecraft:beetroot_seeds":1,"minecraft:hay_block":4,"minecraft:oak_sapling":34,"minecraft:mutton":1,"minecraft:coal":11,"minecraft:white_wool":1,"minecraft:cobblestone":390},"minecraft:custom":{"minecraft:mob_kills":3,"minecraft:interact_with_crafting_table":6,"minecraft:interact_with_stonecutter":1,"minecraft:leave_game":3,"minecraft:time_since_death":54325,"minecraft:sleep_in_bed":8,"minecraft:climb_one_cm":1176,"minecraft:time_since_rest":11267,"minecraft:sprint_one_cm":119299,"minecraft:damage_taken":1090,"minecraft:walk_one_cm":349866,"minecraft:drop":21,"minecraft:damage_dealt":416,"minecraft:talked_to_villager":1,"minecraft:swim_one_cm":2593,"minecraft:fly_one_cm":196113,"minecraft:open_chest":4,"minecraft:crouch_one_cm":33063,"minecraft:play_time":119713,"minecraft:deaths":1,"minecraft:sneak_time":7098,"minecraft:walk_under_water_one_cm":1998,"minecraft:jump":1424,"minecraft:walk_on_water_one_cm":3730,"minecraft:total_world_time":119713,"minecraft:fall_one_cm":35645},"minecraft:crafted":{"minecraft:oak_planks":230,"minecraft:stone_shovel":2,"minecraft:crafting_table":2,"minecraft:wooden_pickaxe":1,"minecraft:stone_axe":1,"minecraft:stick":4,"minecraft:stone_pickaxe":1,"minecraft:wooden_axe":1,"minecraft:chest":2},"minecraft:killed_by":{"minecraft:skeleton":1},"minecraft:broken":{"minecraft:iron_shovel":1,"minecraft:stone_shovel":2}},"DataVersion":3218}