{"stats":{"minecraft:mined":{"minecraft:hay_block":2,"minecraft:white_bed":1,"minecraft:pumpkin":1,"minecraft:grass":9,"minecraft:grass_block":9,"minecraft:oak_log":31,"minecraft:dirt":2,"minecraft:oak_leaves":2},"minecraft:dropped":{"minecraft:oak_log":13,"minecraft:gray_bed":1},"minecraft:used":{"mcwfurnitures:dark_oak_modern_chair":1,"securitycraft:mine":1,"mcwfurnitures:acacia_wardrobe":1,"minecraft:dirt":4,"minecraft:mutton":1,"minecraft:white_bed":1,"minecraft:egg":1,"minecraft:cooked_beef":2},"minecraft:killed":{"minecraft:sheep":1,"minecraft:pig":1},"minecraft:picked_up":{"minecraft:stick":5,"minecraft:pumpkin":1,"minecraft:porkchop":1,"minecraft:oak_log":32,"minecraft:white_bed":2,"minecraft:dirt":9,"minecraft:beetroot_seeds":1,"minecraft:wheat_seeds":1,"minecraft:hay_block":2,"minecraft:oak_sapling":10,"minecraft:gray_bed":1,"minecraft:mutton":1,"minecraft:white_wool":1,"minecraft:egg":1},"minecraft:custom":{"minecraft:time_since_rest":14717,"minecraft:sprint_one_cm":59030,"minecraft:damage_taken":265,"minecraft:walk_one_cm":102379,"minecraft:mob_kills":2,"minecraft:drop":14,"minecraft:damage_dealt":142,"minecraft:swim_one_cm":2593,"minecraft:talked_to_villager":1,"minecraft:fly_one_cm":100948,"minecraft:open_chest":2,"minecraft:crouch_one_cm":388,"minecraft:play_time":47973,"minecraft:sneak_time":412,"minecraft:walk_under_water_one_cm":1998,"minecraft:jump":712,"minecraft:leave_game":2,"minecraft:time_since_death":47973,"minecraft:walk_on_water_one_cm":3730,"minecraft:sleep_in_bed":2,"minecraft:climb_one_cm":1176,"minecraft:total_world_time":47973,"minecraft:fall_one_cm":17811}},"DataVersion":3218}