{"stats":{"minecraft:mined":{"minecraft:white_bed":1,"minecraft:pumpkin":1,"minecraft:grass":8,"minecraft:grass_block":7,"minecraft:oak_log":12,"minecraft:dirt":2,"minecraft:oak_leaves":2},"minecraft:dropped":{"minecraft:oak_log":13,"minecraft:gray_bed":1},"minecraft:used":{"mcwfurnitures:dark_oak_modern_chair":1,"securitycraft:mine":1,"mcwfurnitures:acacia_wardrobe":1,"minecraft:dirt":4,"minecraft:mutton":1,"minecraft:white_bed":1,"minecraft:egg":1,"minecraft:cooked_beef":2},"minecraft:killed":{"minecraft:sheep":1},"minecraft:picked_up":{"minecraft:stick":1,"minecraft:pumpkin":1,"minecraft:oak_log":13,"minecraft:white_bed":2,"minecraft:dirt":7,"minecraft:wheat_seeds":1,"minecraft:oak_sapling":5,"minecraft:gray_bed":1,"minecraft:mutton":1,"minecraft:white_wool":1,"minecraft:egg":1},"minecraft:custom":{"minecraft:time_since_rest":9996,"minecraft:sprint_one_cm":40441,"minecraft:damage_taken":125,"minecraft:walk_one_cm":69313,"minecraft:mob_kills":1,"minecraft:drop":14,"minecraft:damage_dealt":102,"minecraft:swim_one_cm":2593,"minecraft:fly_one_cm":76012,"minecraft:open_chest":1,"minecraft:crouch_one_cm":330,"minecraft:play_time":29973,"minecraft:sneak_time":372,"minecraft:walk_under_water_one_cm":1998,"minecraft:jump":476,"minecraft:leave_game":2,"minecraft:time_since_death":29973,"minecraft:walk_on_water_one_cm":3414,"minecraft:sleep_in_bed":1,"minecraft:climb_one_cm":1176,"minecraft:total_world_time":29973,"minecraft:fall_one_cm":11254}},"DataVersion":3218}