{"stats":{"minecraft:mined":{"minecraft:white_bed":1,"minecraft:glass_pane":1,"minecraft:dandelion":2,"minecraft:emerald_ore":1,"minecraft:grass_block":312,"minecraft:tall_grass":2,"minecraft:cobblestone":1,"minecraft:hay_block":4,"mcpaint:canvas_grass":3,"minecraft:iron_ore":3,"minecraft:pumpkin":1,"minecraft:yellow_bed":2,"minecraft:grass":19,"minecraft:oak_log":104,"minecraft:coal_ore":8,"minecraft:gravel":2,"minecraft:dirt":438,"minecraft:stone":394,"minecraft:oak_leaves":2},"minecraft:dropped":{"minecraft:gravel":2,"minecraft:oak_log":13,"minecraft:coal":5,"minecraft:stick":4,"minecraft:dirt":193,"minecraft:gray_bed":1},"minecraft:used":{"minecraft:iron_shovel":449,"minecraft:stone_shovel":270,"minecraft:stone_pickaxe":72,"minecraft:oak_planks":10,"minecraft:chest":2,"minecraft:wooden_pickaxe":18,"minecraft:dirt":627,"minecraft:mutton":1,"minecraft:crafting_table":2,"minecraft:white_bed":4,"minecraft:wooden_axe":4,"minecraft:apple":1,"minecraft:iron_pickaxe":371,"mcwfurnitures:dark_oak_modern_chair":1,"securitycraft:mine":1,"minecraft:stone_axe":81,"mcwfurnitures:acacia_wardrobe":1,"minecraft:yellow_bed":2,"minecraft:egg":1,"minecraft:cooked_beef":9},"minecraft:killed":{"minecraft:pig":1,"minecraft:sheep":1,"minecraft:zombie":1},"minecraft:picked_up":{"minecraft:oak_log":102,"minecraft:yellow_bed":2,"minecraft:dirt":750,"minecraft:apple":1,"minecraft:wheat_seeds":21,"minecraft:gray_bed":1,"minecraft:egg":1,"minecraft:stick":17,"minecraft:raw_iron":2,"minecraft:pumpkin":1,"minecraft:dandelion":57,"minecraft:gravel":4,"minecraft:porkchop":1,"minecraft:white_bed":3,"minecraft:beetroot_seeds":1,"minecraft:hay_block":4,"minecraft:emerald":1,"minecraft:oak_sapling":34,"minecraft:mutton":1,"minecraft:coal":14,"minecraft:white_wool":1,"minecraft:cobblestone":403},"minecraft:custom":{"minecraft:mob_kills":3,"minecraft:interact_with_crafting_table":6,"minecraft:interact_with_stonecutter":1,"minecraft:leave_game":3,"minecraft:time_since_death":2954,"minecraft:sleep_in_bed":10,"minecraft:climb_one_cm":1176,"minecraft:time_since_rest":2983,"minecraft:sprint_one_cm":130031,"minecraft:damage_taken":1345,"minecraft:walk_one_cm":439954,"minecraft:drop":21,"minecraft:damage_dealt":465,"minecraft:talked_to_villager":1,"minecraft:swim_one_cm":2593,"minecraft:fly_one_cm":209756,"minecraft:open_chest":4,"minecraft:crouch_one_cm":36134,"minecraft:play_time":131713,"minecraft:deaths":2,"minecraft:sneak_time":7613,"minecraft:walk_under_water_one_cm":1998,"minecraft:jump":1486,"minecraft:walk_on_water_one_cm":3730,"minecraft:total_world_time":131713,"minecraft:fall_one_cm":35645},"minecraft:crafted":{"minecraft:oak_planks":230,"minecraft:stone_shovel":2,"minecraft:crafting_table":2,"minecraft:wooden_pickaxe":1,"minecraft:stone_axe":1,"minecraft:stick":4,"minecraft:stone_pickaxe":1,"minecraft:wooden_axe":1,"minecraft:chest":2},"minecraft:killed_by":{"minecraft:skeleton":1,"minecraft:creeper":1},"minecraft:broken":{"minecraft:iron_shovel":1,"minecraft:stone_shovel":2}},"DataVersion":3218}