{"stats":{"minecraft:broken":{"minecraft:iron_shovel":1,"minecraft:iron_pickaxe":1,"minecraft:stone_shovel":2},"minecraft:killed_by":{"minecraft:player":1,"minecraft:skeleton":1,"minecraft:creeper":1},"minecraft:mined":{"minecraft:white_bed":2,"minecraft:glass_pane":1,"minecraft:dandelion":24,"minecraft:emerald_ore":1,"minecraft:grass_block":470,"minecraft:tall_grass":6,"minecraft:cobblestone":2,"minecraft:hay_block":4,"minecraft:coarse_dirt":10,"mcpaint:canvas_grass":3,"minecraft:iron_ore":4,"minecraft:stone_brick_stairs":3,"minecraft:pumpkin":1,"minecraft:yellow_bed":2,"minecraft:grass":40,"minecraft:oak_log":231,"minecraft:coal_ore":8,"minecraft:gravel":2,"minecraft:dirt":467,"minecraft:stone_bricks":7,"minecraft:stone":488,"minecraft:oak_leaves":7},"minecraft:dropped":{"minecraft:gravel":2,"minecraft:music_disc_chirp":1,"minecraft:cooked_beef":36,"minecraft:oak_log":13,"minecraft:music_disc_otherside":1,"minecraft:raw_iron":3,"minecraft:music_disc_5":1,"minecraft:cobblestone":21,"minecraft:music_disc_far":1,"minecraft:music_disc_pigstep":1,"minecraft:coal":5,"minecraft:stick":4,"minecraft:music_disc_13":1,"minecraft:dirt":257,"minecraft:gray_bed":1,"minecraft:music_disc_mall":1,"minecraft:music_disc_strad":1,"minecraft:stone_bricks":85,"minecraft:music_disc_ward":1,"minecraft:music_disc_wait":1,"minecraft:music_disc_mellohi":1,"minecraft:music_disc_stal":1,"minecraft:music_disc_cat":1,"minecraft:dandelion":47,"minecraft:music_disc_blocks":1},"minecraft:custom":{"minecraft:mob_kills":4,"minecraft:play_record":14,"minecraft:interact_with_crafting_table":9,"minecraft:interact_with_stonecutter":1,"minecraft:leave_game":4,"minecraft:time_since_death":86067,"minecraft:sleep_in_bed":14,"minecraft:climb_one_cm":1176,"minecraft:time_since_rest":10656,"minecraft:sprint_one_cm":255481,"minecraft:damage_taken":2142,"minecraft:walk_one_cm":749347,"minecraft:drop":43,"minecraft:damage_dealt":920,"minecraft:swim_one_cm":2593,"minecraft:talked_to_villager":1,"minecraft:fly_one_cm":418625,"minecraft:player_kills":1,"minecraft:open_chest":20,"minecraft:play_time":235309,"minecraft:crouch_one_cm":57940,"minecraft:deaths":3,"minecraft:sneak_time":12618,"minecraft:walk_under_water_one_cm":1998,"minecraft:jump":2567,"minecraft:walk_on_water_one_cm":3730,"minecraft:total_world_time":235309,"minecraft:fall_one_cm":53128},"minecraft:used":{"minecraft:iron_shovel":635,"minecraft:stone_pickaxe":72,"minecraft:stone_shovel":270,"minecraft:oak_planks":11,"minecraft:chest":6,"minecraft:wooden_pickaxe":18,"minecraft:iron_sword":18,"minecraft:torch":26,"minecraft:mutton":1,"minecraft:dirt":1285,"minecraft:music_disc_cat":2,"minecraft:crafting_table":2,"minecraft:white_bed":7,"minecraft:music_disc_13":7,"minecraft:wooden_axe":4,"minecraft:apple":1,"minecraft:iron_axe":146,"securitycraft:reinforced_polished_diorite_stairs":1,"minecraft:iron_pickaxe":478,"mcwfurnitures:dark_oak_modern_chair":1,"minecraft:stone_brick_stairs":27,"securitycraft:mine":1,"minecraft:music_disc_wait":1,"mcwfurnitures:acacia_wardrobe":1,"minecraft:music_disc_blocks":4,"minecraft:stone_axe":88,"minecraft:stone_bricks":453,"minecraft:cobblestone":3,"minecraft:egg":1,"minecraft:yellow_bed":2,"minecraft:coarse_dirt":57,"minecraft:cooked_beef":18,"minecraft:jukebox":5},"minecraft:picked_up":{"minecraft:music_disc_5":1,"minecraft:music_disc_strad":1,"minecraft:coarse_dirt":11,"minecraft:music_disc_stal":1,"minecraft:stone_brick_stairs":3,"minecraft:oak_log":257,"minecraft:yellow_bed":2,"minecraft:music_disc_cat":2,"minecraft:dirt":1174,"minecraft:bone":3,"minecraft:apple":4,"minecraft:stone_bricks":31,"minecraft:wheat_seeds":49,"minecraft:music_disc_otherside":1,"minecraft:music_disc_far":2,"minecraft:gray_bed":1,"minecraft:birch_sapling":1,"minecraft:oak_planks":199,"minecraft:music_disc_chirp":1,"minecraft:egg":1,"minecraft:stick":56,"minecraft:raw_iron":3,"minecraft:music_disc_blocks":4,"minecraft:pumpkin":1,"minecraft:music_disc_13":8,"minecraft:music_disc_mellohi":1,"minecraft:dandelion":152,"minecraft:gravel":4,"minecraft:porkchop":1,"minecraft:music_disc_pigstep":1,"minecraft:white_bed":5,"minecraft:music_disc_mall":1,"minecraft:arrow":4,"minecraft:beetroot_seeds":1,"minecraft:peony":2,"minecraft:music_disc_ward":1,"minecraft:hay_block":4,"minecraft:emerald":1,"minecraft:oak_sapling":86,"minecraft:music_disc_wait":2,"minecraft:mutton":1,"minecraft:coal":14,"minecraft:white_wool":1,"minecraft:cobblestone":512},"minecraft:killed":{"minecraft:pig":1,"minecraft:sheep":1,"minecraft:zombie":2},"minecraft:crafted":{"minecraft:oak_planks":484,"minecraft:stone_shovel":2,"minecraft:crafting_table":2,"minecraft:wooden_pickaxe":1,"minecraft:stone_axe":1,"minecraft:stick":4,"minecraft:stone_pickaxe":1,"minecraft:wooden_axe":1,"minecraft:chest":4}},"DataVersion":3218}